playerId,name,gameId,season,playerTeam,opposingTeam,home_or_away,gameDate,position,situation,icetime,xGoals,goals,unblocked_shot_attempts,xRebounds,rebounds,xFreeze,freeze,xOnGoal,ongoal,xPlayStopped,playStopped,xPlayContinuedInZone,playContinuedInZone,xPlayContinuedOutsideZone,playContinuedOutsideZone,flurryAdjustedxGoals,lowDangerShots,mediumDangerShots,highDangerShots,lowDangerxGoals,mediumDangerxGoals,highDangerxGoals,lowDangerGoals,mediumDangerGoals,highDangerGoals,blocked_shot_attempts,penalityMinutes,penalties
8480280,Jeremy Swayman,2026020003,2026,BOS,NYR,HOME,20260929,G,other,37.0,0.0,0.0,0.0,0.0,0.0,0.0,0.0,0.0,0.0,0.005,0.0,0.0,0.0,0.0,0.0,0.0,0.0,0.0,0.0,0.0,0.0,0.0,0.0,0.0,0.0,0.0,0.0,0.0
8480280,Jeremy Swayman,2026020003,2026,BOS,NYR,HOME,20260929,G,all,3600.0,2.008,0.0,47.0,2.74,3.0,3.974,9.0,23.878,24.0,0.092,0.0,10.969,11.0,11.245,8.0,1.94,23.0,7.0,1.0,0.944,0.853,0.211,0.0,0.0,0.0,16.0,0.0,0.0
8480280,Jeremy Swayman,2026020003,2026,BOS,NYR,HOME,20260929,G,5on5,3323.0,1.932,0.0,44.0,2.669,3.0,3.831,8.0,22.458,22.0,0.08,0.0,10.4,11.0,10.111,7.0,1.864,21.0,7.0,1.0,0.868,0.853,0.211,0.0,0.0,0.0,15.0,0.0,0.0
8480280,Jeremy Swayman,2026020003,2026,BOS,NYR,HOME,20260929,G,4on5,120.0,0.062,0.0,2.0,0.061,0.0,0.119,1.0,0.728,1.0,0.0,0.0,0.392,0.0,0.36,0.0,0.062,1.0,0.0,0.0,0.062,0.0,0.0,0.0,0.0,0.0,1.0,0.0,0.0
8480280,Jeremy Swayman,2026020003,2026,BOS,NYR,HOME,20260929,G,5on4,120.0,0.014,0.0,1.0,0.01,0.0,0.024,0.0,0.693,1.0,0.007,0.0,0.177,0.0,0.773,1.0,0.014,1.0,0.0,0.0,0.014,0.0,0.0,0.0,0.0,0.0,0.0,0.0,0.0
8480045,Ukko-Pekka Luukkonen,2026020011,2026,BUF,CBJ,AWAY,20261001,G,other,205.0,0.053,0.0,1.0,0.055,0.0,0.176,0.0,0.714,1.0,0.012,0.0,0.318,0.0,0.396,1.0,0.053,1.0,0.0,0.0,0.053,0.0,0.0,0.0,0.0,0.0,0.0,0.0,0.0
8480045,Ukko-Pekka Luukkonen,2026020011,2026,BUF,CBJ,AWAY,20261001,G,all,3548.0,2.224,5.0,38.0,2.1,0.0,4.023,4.0,22.184,22.0,0.08,2.0,10.501,9.0,11.104,12.0,2.219,19.0,8.0,3.0,0.595,0.954,0.675,1.0,1.0,3.0,8.0,0.0,0.0
8480045,Ukko-Pekka Luukkonen,2026020011,2026,BUF,CBJ,AWAY,20261001,G,5on5,2860.0,1.481,3.0,29.0,1.519,0.0,3.101,4.0,16.128,14.0,0.05,2.0,7.668,7.0,8.195,8.0,1.476,14.0,7.0,1.0,0.426,0.818,0.237,1.0,1.0,1.0,7.0,0.0,0.0
8480045,Ukko-Pekka Luukkonen,2026020011,2026,BUF,CBJ,AWAY,20261001,G,4on5,208.0,0.66,2.0,7.0,0.492,0.0,0.679,0.0,4.537,6.0,0.001,0.0,2.358,2.0,1.802,2.0,0.66,3.0,1.0,2.0,0.086,0.136,0.438,0.0,0.0,2.0,1.0,0.0,0.0
8480045,Ukko-Pekka Luukkonen,2026020011,2026,BUF,CBJ,AWAY,20261001,G,5on4,275.0,0.031,0.0,1.0,0.033,0.0,0.066,0.0,0.805,1.0,0.017,0.0,0.158,0.0,0.71,1.0,0.031,1.0,0.0,0.0,0.031,0.0,0.0,0.0,0.0,0.0,0.0,0.0,0.0
8483548,Brandon Bussi,2026020001,2026,CAR,FLA,HOME,20260929,G,other,224.0,0.391,1.0,8.0,0.291,0.0,0.541,0.0,3.763,3.0,0.012,0.0,1.62,2.0,2.148,2.0,0.39,3.0,2.0,0.0,0.135,0.256,0.0,1.0,0.0,0.0,3.0,0.0,0.0
8483548,Brandon Bussi,2026020001,2026,CAR,FLA,HOME,20260929,G,all,3895.0,1.906,1.0,51.0,2.095,0.0,3.224,4.0,23.514,20.0,0.075,0.0,10.839,9.0,12.882,17.0,1.893,20.0,11.0,0.0,0.476,1.431,0.0,1.0,0.0,0.0,20.0,0.0,0.0
8483548,Brandon Bussi,2026020001,2026,CAR,FLA,HOME,20260929,G,5on5,2637.0,1.151,0.0,28.0,1.285,0.0,2.086,3.0,14.693,12.0,0.017,0.0,6.804,5.0,7.647,11.0,1.151,12.0,7.0,0.0,0.171,0.98,0.0,0.0,0.0,0.0,9.0,0.0,0.0
8483548,Brandon Bussi,2026020001,2026,CAR,FLA,HOME,20260929,G,4on5,612.0,0.337,0.0,11.0,0.467,0.0,0.551,1.0,3.482,3.0,0.001,0.0,1.922,2.0,1.71,2.0,0.325,3.0,2.0,0.0,0.142,0.195,0.0,0.0,0.0,0.0,6.0,0.0,0.0
8483548,Brandon Bussi,2026020001,2026,CAR,FLA,HOME,20260929,G,5on4,422.0,0.027,0.0,4.0,0.052,0.0,0.045,0.0,1.575,2.0,0.045,0.0,0.494,0.0,1.378,2.0,0.027,2.0,0.0,0.0,0.027,0.0,0.0,0.0,0.0,0.0,2.0,0.0,0.0
8482982,Jet Greaves,2026020011,2026,CBJ,BUF,HOME,20261001,G,other,257.0,0.497,1.0,8.0,0.467,0.0,0.821,0.0,3.922,3.0,0.02,0.0,2.65,5.0,1.553,0.0,0.428,3.0,3.0,0.0,0.21,0.287,0.0,1.0,0.0,0.0,2.0,0.0,0.0
8482982,Jet Greaves,2026020011,2026,CBJ,BUF,HOME,20261001,G,all,3600.0,2.912,3.0,56.0,2.877,1.0,4.504,4.0,29.499,26.0,0.065,0.0,14.925,14.0,14.702,16.0,2.795,25.0,14.0,1.0,0.977,1.71,0.226,1.0,2.0,0.0,16.0,0.0,0.0
8482982,Jet Greaves,2026020011,2026,CBJ,BUF,HOME,20261001,G,5on5,2860.0,1.752,2.0,40.0,1.916,1.0,3.131,4.0,20.946,19.0,0.034,0.0,10.131,7.0,11.02,12.0,1.722,20.0,7.0,1.0,0.647,0.879,0.226,0.0,2.0,0.0,12.0,0.0,0.0
8482982,Jet Greaves,2026020011,2026,CBJ,BUF,HOME,20261001,G,4on5,275.0,0.611,0.0,7.0,0.469,0.0,0.509,0.0,3.921,3.0,0.002,0.0,1.941,2.0,1.454,3.0,0.592,1.0,4.0,0.0,0.067,0.544,0.0,0.0,0.0,0.0,2.0,0.0,0.0
8482982,Jet Greaves,2026020011,2026,CBJ,BUF,HOME,20261001,G,5on4,208.0,0.053,0.0,1.0,0.025,0.0,0.043,0.0,0.709,1.0,0.009,0.0,0.203,0.0,0.675,1.0,0.053,1.0,0.0,0.0,0.053,0.0,0.0,0.0,0.0,0.0,0.0,0.0,0.0
8481692,Dustin Wolf,2026020014,2026,CGY,SEA,HOME,20261001,G,other,150.0,0.179,0.0,2.0,0.177,0.0,0.106,0.0,1.505,2.0,0.002,0.0,0.735,1.0,0.8,1.0,0.179,1.0,1.0,0.0,0.017,0.162,0.0,0.0,0.0,0.0,0.0,0.0,0.0
8481692,Dustin Wolf,2026020014,2026,CGY,SEA,HOME,20261001,G,all,3590.0,3.731,6.0,59.0,3.968,2.0,5.384,6.0,34.582,32.0,0.076,1.0,16.438,12.0,16.377,20.0,3.681,25.0,20.0,1.0,0.838,2.542,0.351,2.0,4.0,0.0,13.0,0.0,0.0
8481692,Dustin Wolf,2026020014,2026,CGY,SEA,HOME,20261001,G,5on5,2927.0,2.755,5.0,46.0,3.018,2.0,4.596,5.0,27.884,25.0,0.065,1.0,13.039,9.0,13.509,16.0,2.717,23.0,13.0,1.0,0.761,1.643,0.351,2.0,3.0,0.0,9.0,0.0,0.0
8481692,Dustin Wolf,2026020014,2026,CGY,SEA,HOME,20261001,G,4on5,393.0,0.797,1.0,11.0,0.774,0.0,0.682,1.0,5.194,5.0,0.006,0.0,2.665,2.0,2.068,3.0,0.785,1.0,6.0,0.0,0.06,0.737,0.0,0.0,1.0,0.0,4.0,0.0,0.0
8481692,Dustin Wolf,2026020014,2026,CGY,SEA,HOME,20261001,G,5on4,120.0,0.0,0.0,0.0,0.0,0.0,0.0,0.0,0.0,0.0,0.003,0.0,0.0,0.0,0.0,0.0,0.0,0.0,0.0,0.0,0.0,0.0,0.0,0.0,0.0,0.0,0.0,0.0,0.0
8482821,Arvid Soderblom,2026020013,2026,CHI,UTA,AWAY,20261001,G,other,34.0,0.0,0.0,0.0,0.0,0.0,0.0,0.0,0.0,0.0,0.0,0.0,0.0,0.0,0.0,0.0,0.0,0.0,0.0,0.0,0.0,0.0,0.0,0.0,0.0,0.0,0.0,0.0,0.0
8482821,Arvid Soderblom,2026020013,2026,CHI,UTA,AWAY,20261001,G,all,3600.0,3.892,6.0,65.0,4.168,5.0,7.178,12.0,40.08,32.0,0.057,0.0,19.219,15.0,19.424,16.0,3.592,35.0,16.0,3.0,1.26,1.86,0.772,1.0,5.0,0.0,11.0,0.0,0.0
8482821,Arvid Soderblom,2026020013,2026,CHI,UTA,AWAY,20261001,G,5on5,3066.0,3.446,4.0,59.0,3.768,5.0,6.539,10.0,36.021,28.0,0.045,0.0,17.569,14.0,17.573,16.0,3.147,33.0,13.0,3.0,1.166,1.508,0.772,1.0,3.0,0.0,10.0,0.0,0.0
8482821,Arvid Soderblom,2026020013,2026,CHI,UTA,AWAY,20261001,G,4on5,168.0,0.336,2.0,5.0,0.318,0.0,0.548,1.0,3.14,3.0,0.003,0.0,1.511,1.0,1.275,0.0,0.334,2.0,2.0,0.0,0.094,0.241,0.0,0.0,2.0,0.0,1.0,0.0,0.0
8482821,Arvid Soderblom,2026020013,2026,CHI,UTA,AWAY,20261001,G,5on4,332.0,0.111,0.0,1.0,0.082,0.0,0.091,1.0,0.92,1.0,0.009,0.0,0.139,0.0,0.576,0.0,0.111,0.0,1.0,0.0,0.0,0.111,0.0,0.0,0.0,0.0,0.0,0.0,0.0
8481519,Spencer Knight,2026020005,2026,CHI,VGK,AWAY,20260929,G,other,3.0,0.0,0.0,0.0,0.0,0.0,0.0,0.0,0.0,0.0,0.0,0.0,0.0,0.0,0.0,0.0,0.0,0.0,0.0,0.0,0.0,0.0,0.0,0.0,0.0,0.0,0.0,0.0,0.0
8481519,Spencer Knight,2026020005,2026,CHI,VGK,AWAY,20260929,G,all,3587.0,3.464,4.0,62.0,4.012,4.0,6.705,9.0,36.696,36.0,0.067,0.0,18.191,14.0,17.522,19.0,3.396,35.0,12.0,3.0,1.183,1.502,0.779,1.0,1.0,2.0,12.0,0.0,0.0
8481519,Spencer Knight,2026020005,2026,CHI,VGK,AWAY,20260929,G,5on5,3043.0,2.474,3.0,53.0,3.336,4.0,5.947,9.0,30.633,31.0,0.053,0.0,15.463,14.0,14.695,12.0,2.405,33.0,7.0,2.0,1.062,0.86,0.552,0.0,1.0,2.0,11.0,0.0,0.0
8481519,Spencer Knight,2026020005,2026,CHI,VGK,AWAY,20260929,G,4on5,301.0,0.875,1.0,7.0,0.622,0.0,0.724,0.0,5.318,4.0,0.003,0.0,2.587,0.0,2.174,6.0,0.875,2.0,4.0,1.0,0.121,0.526,0.228,1.0,0.0,0.0,0.0,0.0,0.0
8481519,Spencer Knight,2026020005,2026,CHI,VGK,AWAY,20260929,G,5on4,240.0,0.116,0.0,2.0,0.054,0.0,0.033,0.0,0.744,1.0,0.01,0.0,0.141,0.0,0.653,1.0,0.116,0.0,1.0,0.0,0.0,0.116,0.0,0.0,0.0,0.0,1.0,0.0,0.0
8478406,Mackenzie Blackwood,2026020007,2026,COL,LAK,HOME,20260930,G,other,66.0,0.042,1.0,1.0,0.105,0.0,0.185,0.0,0.616,1.0,0.002,0.0,0.462,0.0,0.203,0.0,0.042,1.0,0.0,0.0,0.042,0.0,0.0,1.0,0.0,0.0,0.0,0.0,0.0
8478406,Mackenzie Blackwood,2026020007,2026,COL,LAK,HOME,20260930,G,all,3600.0,2.898,4.0,62.0,3.46,2.0,5.519,4.0,32.869,31.0,0.067,0.0,15.475,15.0,17.556,20.0,2.855,32.0,13.0,0.0,1.244,1.655,0.0,4.0,0.0,0.0,17.0,0.0,0.0
8478406,Mackenzie Blackwood,2026020007,2026,COL,LAK,HOME,20260930,G,5on5,2768.0,1.799,1.0,45.0,2.443,2.0,4.239,4.0,24.408,24.0,0.045,0.0,11.223,10.0,13.24,16.0,1.787,25.0,8.0,0.0,0.85,0.949,0.0,1.0,0.0,0.0,12.0,0.0,0.0
8478406,Mackenzie Blackwood,2026020007,2026,COL,LAK,HOME,20260930,G,4on5,480.0,0.94,0.0,14.0,0.803,0.0,0.943,0.0,6.472,4.0,0.0,0.0,3.48,5.0,2.806,4.0,0.909,4.0,5.0,0.0,0.234,0.705,0.0,0.0,0.0,0.0,5.0,0.0,0.0
8478406,Mackenzie Blackwood,2026020007,2026,COL,LAK,HOME,20260930,G,5on4,286.0,0.117,2.0,2.0,0.11,0.0,0.152,0.0,1.374,2.0,0.02,0.0,0.309,0.0,1.307,0.0,0.117,2.0,0.0,0.0,0.117,0.0,0.0,2.0,0.0,0.0,0.0,0.0,0.0
8477465,Tristan Jarry,2026020004,2026,EDM,VAN,HOME,20260929,G,other,29.0,0.654,1.0,4.0,0.257,0.0,0.317,1.0,3.302,3.0,0.0,0.0,1.264,2.0,1.494,0.0,0.627,2.0,1.0,1.0,0.128,0.101,0.425,0.0,0.0,1.0,0.0,0.0,0.0
8477465,Tristan Jarry,2026020004,2026,EDM,VAN,HOME,20260929,G,all,3693.0,1.997,6.0,43.0,1.953,0.0,3.838,2.0,22.987,23.0,0.095,0.0,10.032,9.0,12.12,13.0,1.968,21.0,7.0,2.0,0.559,0.75,0.688,1.0,3.0,2.0,13.0,0.0,0.0
8477465,Tristan Jarry,2026020004,2026,EDM,VAN,HOME,20260929,G,5on5,3191.0,1.098,3.0,35.0,1.502,0.0,3.281,1.0,17.58,17.0,0.068,0.0,7.752,7.0,9.329,12.0,1.096,18.0,4.0,1.0,0.394,0.441,0.263,1.0,1.0,1.0,12.0,0.0,0.0
8477465,Tristan Jarry,2026020004,2026,EDM,VAN,HOME,20260929,G,4on5,119.0,0.129,1.0,2.0,0.154,0.0,0.183,0.0,1.342,2.0,0.0,0.0,0.883,0.0,0.646,1.0,0.129,1.0,1.0,0.0,0.038,0.091,0.0,0.0,1.0,0.0,0.0,0.0,0.0
8477465,Tristan Jarry,2026020004,2026,EDM,VAN,HOME,20260929,G,5on4,354.0,0.116,1.0,2.0,0.041,0.0,0.057,0.0,0.764,1.0,0.027,0.0,0.133,0.0,0.651,0.0,0.116,0.0,1.0,0.0,0.0,0.116,0.0,0.0,1.0,0.0,1.0,0.0,0.0
8482221,Devon Levi,2026020015,2026,EDM,VAN,AWAY,20261001,G,other,56.0,0.151,0.0,4.0,0.21,0.0,0.219,1.0,1.027,2.0,0.0,0.0,1.023,1.0,0.392,0.0,0.146,1.0,1.0,0.0,0.056,0.095,0.0,0.0,0.0,0.0,2.0,0.0,0.0
8482221,Devon Levi,2026020015,2026,EDM,VAN,AWAY,20261001,G,all,3591.0,2.907,7.0,50.0,2.972,4.0,4.006,3.0,23.9,22.0,0.092,0.0,10.885,11.0,11.158,7.0,2.766,19.0,9.0,4.0,0.745,1.16,1.002,2.0,3.0,2.0,18.0,0.0,0.0
8482221,Devon Levi,2026020015,2026,EDM,VAN,AWAY,20261001,G,5on5,2911.0,2.448,6.0,38.0,2.317,4.0,3.26,2.0,19.611,16.0,0.053,0.0,8.299,8.0,9.624,6.0,2.32,16.0,6.0,4.0,0.587,0.859,1.002,2.0,2.0,2.0,12.0,0.0,0.0
8482221,Devon Levi,2026020015,2026,EDM,VAN,AWAY,20261001,G,4on5,216.0,0.308,1.0,8.0,0.444,0.0,0.528,0.0,3.262,4.0,0.004,0.0,1.562,2.0,1.142,1.0,0.3,2.0,2.0,0.0,0.102,0.207,0.0,0.0,1.0,0.0,4.0,0.0,0.0
8482221,Devon Levi,2026020015,2026,EDM,VAN,AWAY,20261001,G,5on4,408.0,0.0,0.0,0.0,0.0,0.0,0.0,0.0,0.0,0.0,0.035,0.0,0.0,0.0,0.0,0.0,0.0,0.0,0.0,0.0,0.0,0.0,0.0,0.0,0.0,0.0,0.0,0.0,0.0
8474593,Jacob Markstrom,2026020001,2026,FLA,CAR,AWAY,20260929,G,other,224.0,0.797,0.0,8.0,0.351,0.0,0.64,0.0,5.339,4.0,0.009,0.0,2.726,3.0,2.475,4.0,0.654,2.0,4.0,1.0,0.026,0.545,0.226,0.0,0.0,0.0,1.0,0.0,0.0
8474593,Jacob Markstrom,2026020001,2026,FLA,CAR,AWAY,20260929,G,all,3895.0,2.543,0.0,37.0,1.712,0.0,2.699,0.0,18.288,15.0,0.054,0.0,9.119,16.0,7.852,8.0,2.21,10.0,11.0,3.0,0.282,1.538,0.723,0.0,0.0,0.0,13.0,0.0,0.0
8474593,Jacob Markstrom,2026020001,2026,FLA,CAR,AWAY,20260929,G,5on5,2637.0,0.399,0.0,16.0,0.579,0.0,1.046,0.0,5.603,5.0,0.027,0.0,3.201,6.0,2.758,2.0,0.398,6.0,2.0,0.0,0.169,0.23,0.0,0.0,0.0,0.0,8.0,0.0,0.0
8474593,Jacob Markstrom,2026020001,2026,FLA,CAR,AWAY,20260929,G,4on5,422.0,1.196,0.0,12.0,0.717,0.0,0.961,0.0,6.619,5.0,0.005,0.0,3.016,7.0,2.065,1.0,1.007,2.0,4.0,2.0,0.087,0.612,0.498,0.0,0.0,0.0,4.0,0.0,0.0
8474593,Jacob Markstrom,2026020001,2026,FLA,CAR,AWAY,20260929,G,5on4,612.0,0.151,0.0,1.0,0.065,0.0,0.052,0.0,0.727,1.0,0.013,0.0,0.176,0.0,0.555,1.0,0.151,0.0,1.0,0.0,0.0,0.151,0.0,0.0,0.0,0.0,0.0,0.0,0.0
8481033,Akira Schmid,2026020016,2026,FLA,SJS,AWAY,20261001,G,other,59.0,0.976,1.0,10.0,0.743,1.0,1.004,1.0,6.621,7.0,0.0,0.0,2.836,2.0,3.418,4.0,0.943,5.0,4.0,0.0,0.341,0.636,0.0,0.0,1.0,0.0,1.0,0.0,0.0
8481033,Akira Schmid,2026020016,2026,FLA,SJS,AWAY,20261001,G,all,3794.0,3.561,4.0,61.0,3.362,4.0,5.847,6.0,35.256,32.0,0.108,0.0,15.649,12.0,19.482,22.0,3.461,35.0,11.0,2.0,1.206,1.423,0.932,1.0,1.0,2.0,13.0,0.0,0.0
8481033,Akira Schmid,2026020016,2026,FLA,SJS,AWAY,20261001,G,5on5,2760.0,1.079,1.0,38.0,1.79,2.0,3.852,3.0,20.187,17.0,0.053,0.0,9.789,7.0,11.447,15.0,1.075,25.0,3.0,0.0,0.701,0.378,0.0,1.0,0.0,0.0,10.0,0.0,0.0
8481033,Akira Schmid,2026020016,2026,FLA,SJS,AWAY,20261001,G,4on5,348.0,1.153,1.0,8.0,0.632,1.0,0.807,2.0,5.541,5.0,0.001,0.0,2.435,1.0,1.95,2.0,1.09,3.0,3.0,1.0,0.124,0.305,0.724,0.0,0.0,1.0,1.0,0.0,0.0
8481033,Akira Schmid,2026020016,2026,FLA,SJS,AWAY,20261001,G,5on4,627.0,0.353,1.0,5.0,0.197,0.0,0.185,0.0,2.908,3.0,0.054,0.0,0.589,2.0,2.667,1.0,0.353,2.0,1.0,1.0,0.041,0.105,0.207,0.0,0.0,1.0,1.0,0.0,0.0
8475311,Darcy Kuemper,2026020007,2026,LAK,COL,AWAY,20260930,G,other,31.0,0.174,1.0,1.0,0.058,0.0,0.106,0.0,0.775,1.0,0.0,0.0,0.409,0.0,0.251,0.0,0.174,0.0,1.0,0.0,0.0,0.174,0.0,0.0,1.0,0.0,0.0,0.0,0.0
8475311,Darcy Kuemper,2026020007,2026,LAK,COL,AWAY,20260930,G,all,3565.0,3.36,8.0,50.0,3.006,3.0,4.47,4.0,27.015,29.0,0.089,0.0,11.836,9.0,12.261,11.0,3.248,19.0,12.0,4.0,0.634,1.565,1.162,2.0,5.0,1.0,15.0,0.0,0.0
8475311,Darcy Kuemper,2026020007,2026,LAK,COL,AWAY,20260930,G,5on5,2768.0,2.432,4.0,40.0,2.213,3.0,3.583,4.0,20.743,22.0,0.056,0.0,8.766,7.0,9.962,9.0,2.324,15.0,9.0,3.0,0.43,1.079,0.923,1.0,3.0,0.0,13.0,0.0,0.0
8475311,Darcy Kuemper,2026020007,2026,LAK,COL,AWAY,20260930,G,4on5,286.0,0.755,3.0,9.0,0.735,0.0,0.781,0.0,5.497,6.0,0.005,0.0,2.661,2.0,2.048,2.0,0.751,4.0,2.0,1.0,0.204,0.312,0.238,1.0,1.0,1.0,2.0,0.0,0.0
8475311,Darcy Kuemper,2026020007,2026,LAK,COL,AWAY,20260930,G,5on4,480.0,0.0,0.0,0.0,0.0,0.0,0.0,0.0,0.0,0.0,0.028,0.0,0.0,0.0,0.0,0.0,0.0,0.0,0.0,0.0,0.0,0.0,0.0,0.0,0.0,0.0,0.0,0.0,0.0
8482661,Jesper Wallstedt,2026020012,2026,MIN,NSH,AWAY,20261001,G,other,141.0,0.026,0.0,2.0,0.15,0.0,0.301,1.0,1.434,2.0,0.001,0.0,1.092,0.0,0.42,1.0,0.026,2.0,0.0,0.0,0.026,0.0,0.0,0.0,0.0,0.0,0.0,0.0,0.0
8482661,Jesper Wallstedt,2026020012,2026,MIN,NSH,AWAY,20261001,G,all,3554.0,1.515,1.0,47.0,2.583,3.0,4.318,4.0,26.144,20.0,0.104,0.0,13.12,14.0,13.397,13.0,1.474,29.0,6.0,0.0,0.797,0.718,0.0,1.0,0.0,0.0,12.0,0.0,0.0
8482661,Jesper Wallstedt,2026020012,2026,MIN,NSH,AWAY,20261001,G,5on5,2572.0,0.913,1.0,34.0,1.863,3.0,3.076,2.0,18.884,13.0,0.075,0.0,9.159,12.0,9.952,7.0,0.906,22.0,3.0,0.0,0.554,0.358,0.0,1.0,0.0,0.0,9.0,0.0,0.0
8482661,Jesper Wallstedt,2026020012,2026,MIN,NSH,AWAY,20261001,G,4on5,480.0,0.574,0.0,10.0,0.559,0.0,0.925,1.0,5.016,5.0,0.004,0.0,2.673,2.0,2.25,4.0,0.54,4.0,3.0,0.0,0.215,0.359,0.0,0.0,0.0,0.0,3.0,0.0,0.0
8482661,Jesper Wallstedt,2026020012,2026,MIN,NSH,AWAY,20261001,G,5on4,361.0,0.002,0.0,1.0,0.01,0.0,0.016,0.0,0.81,0.0,0.024,0.0,0.197,0.0,0.775,1.0,0.002,1.0,0.0,0.0,0.002,0.0,0.0,0.0,0.0,0.0,0.0,0.0,0.0
8482487,Jakub Dobes,2026020002,2026,MTL,TOR,AWAY,20260929,G,other,195.0,0.158,0.0,4.0,0.414,1.0,0.443,0.0,2.221,1.0,0.139,0.0,1.408,2.0,0.572,0.0,0.067,2.0,1.0,0.0,0.066,0.091,0.0,0.0,0.0,0.0,1.0,0.0,0.0
8482487,Jakub Dobes,2026020002,2026,MTL,TOR,AWAY,20260929,G,all,3576.0,2.604,2.0,50.0,3.634,4.0,4.913,9.0,28.966,28.0,0.219,0.0,13.818,13.0,12.952,10.0,2.426,26.0,11.0,1.0,0.829,1.534,0.241,1.0,1.0,0.0,12.0,0.0,0.0
8482487,Jakub Dobes,2026020002,2026,MTL,TOR,AWAY,20260929,G,5on5,2781.0,1.825,2.0,39.0,2.626,3.0,4.055,7.0,23.395,23.0,0.063,0.0,11.115,9.0,11.316,10.0,1.812,23.0,8.0,0.0,0.684,1.14,0.0,1.0,1.0,0.0,8.0,0.0,0.0
8482487,Jakub Dobes,2026020002,2026,MTL,TOR,AWAY,20260929,G,4on5,360.0,0.621,0.0,7.0,0.594,0.0,0.415,2.0,3.349,4.0,0.0,0.0,1.295,2.0,1.064,0.0,0.547,1.0,2.0,1.0,0.078,0.302,0.241,0.0,0.0,0.0,3.0,0.0,0.0
8482487,Jakub Dobes,2026020002,2026,MTL,TOR,AWAY,20260929,G,5on4,240.0,0.0,0.0,0.0,0.0,0.0,0.0,0.0,0.0,0.0,0.018,0.0,0.0,0.0,0.0,0.0,0.0,0.0,0.0,0.0,0.0,0.0,0.0,0.0,0.0,0.0,0.0,0.0,0.0
8474596,Jake Allen,2026020009,2026,NJD,PHI,HOME,20261001,G,other,34.0,0.668,1.0,6.0,0.433,2.0,0.702,0.0,4.681,4.0,0.007,0.0,2.2,2.0,1.98,1.0,0.659,4.0,1.0,1.0,0.13,0.103,0.434,0.0,1.0,0.0,0.0,0.0,0.0
8474596,Jake Allen,2026020009,2026,NJD,PHI,HOME,20261001,G,all,3803.0,1.887,2.0,41.0,2.246,2.0,3.995,6.0,22.388,25.0,0.133,0.0,11.679,9.0,11.125,12.0,1.85,25.0,5.0,1.0,0.801,0.652,0.434,1.0,1.0,0.0,10.0,0.0,0.0
8474596,Jake Allen,2026020009,2026,NJD,PHI,HOME,20261001,G,5on5,3169.0,1.147,1.0,34.0,1.73,0.0,3.156,6.0,16.971,20.0,0.103,0.0,9.057,7.0,8.86,10.0,1.119,20.0,4.0,0.0,0.598,0.549,0.0,1.0,0.0,0.0,10.0,0.0,0.0
8474596,Jake Allen,2026020009,2026,NJD,PHI,HOME,20261001,G,4on5,120.0,0.072,0.0,1.0,0.082,0.0,0.137,0.0,0.736,1.0,0.001,0.0,0.422,0.0,0.285,1.0,0.072,1.0,0.0,0.0,0.072,0.0,0.0,0.0,0.0,0.0,0.0,0.0,0.0
8474596,Jake Allen,2026020009,2026,NJD,PHI,HOME,20261001,G,5on4,480.0,0.0,0.0,0.0,0.0,0.0,0.0,0.0,0.0,0.0,0.023,0.0,0.0,0.0,0.0,0.0,0.0,0.0,0.0,0.0,0.0,0.0,0.0,0.0,0.0,0.0,0.0,0.0,0.0
8477424,Juuse Saros,2026020012,2026,NSH,MIN,HOME,20261001,G,other,86.0,0.172,0.0,3.0,0.247,0.0,0.189,0.0,1.684,1.0,0.0,0.0,0.939,1.0,0.451,1.0,0.172,1.0,1.0,0.0,0.063,0.108,0.0,0.0,0.0,0.0,1.0,0.0,0.0
8477424,Juuse Saros,2026020012,2026,NSH,MIN,HOME,20261001,G,all,3499.0,3.048,3.0,62.0,3.913,2.0,6.049,8.0,35.777,30.0,0.056,0.0,17.346,23.0,18.539,13.0,2.96,36.0,12.0,1.0,1.342,1.438,0.268,0.0,3.0,0.0,13.0,0.0,0.0
8477424,Juuse Saros,2026020012,2026,NSH,MIN,HOME,20261001,G,5on5,2572.0,2.082,2.0,45.0,2.699,2.0,4.701,5.0,25.8,20.0,0.037,0.0,12.358,18.0,14.085,9.0,2.029,27.0,8.0,1.0,0.863,0.951,0.268,0.0,2.0,0.0,9.0,0.0,0.0
8477424,Juuse Saros,2026020012,2026,NSH,MIN,HOME,20261001,G,4on5,361.0,0.717,1.0,12.0,0.906,0.0,1.073,3.0,6.772,7.0,0.0,0.0,3.734,4.0,2.546,1.0,0.683,6.0,3.0,0.0,0.339,0.378,0.0,0.0,1.0,0.0,3.0,0.0,0.0
8477424,Juuse Saros,2026020012,2026,NSH,MIN,HOME,20261001,G,5on4,480.0,0.077,0.0,2.0,0.061,0.0,0.086,0.0,1.52,2.0,0.019,0.0,0.315,0.0,1.457,2.0,0.076,2.0,0.0,0.0,0.077,0.0,0.0,0.0,0.0,0.0,0.0,0.0,0.0
8478009,Ilya Sorokin,2026020008,2026,NYI,TOR,AWAY,20260930,G,other,98.0,0.211,0.0,2.0,0.181,0.0,0.195,0.0,1.482,2.0,0.0,0.0,1.047,2.0,0.362,0.0,0.211,0.0,2.0,0.0,0.0,0.211,0.0,0.0,0.0,0.0,0.0,0.0,0.0
8478009,Ilya Sorokin,2026020008,2026,NYI,TOR,AWAY,20260930,G,all,3476.0,2.486,2.0,47.0,2.96,3.0,4.329,8.0,26.08,26.0,0.075,0.0,13.65,13.0,12.514,10.0,2.42,23.0,12.0,1.0,0.864,1.262,0.36,0.0,1.0,1.0,11.0,0.0,0.0
8478009,Ilya Sorokin,2026020008,2026,NYI,TOR,AWAY,20260930,G,5on5,2507.0,1.212,1.0,33.0,2.007,2.0,2.954,5.0,17.378,18.0,0.064,0.0,8.713,9.0,9.078,7.0,1.197,19.0,5.0,0.0,0.677,0.535,0.0,0.0,1.0,0.0,9.0,0.0,0.0
8478009,Ilya Sorokin,2026020008,2026,NYI,TOR,AWAY,20260930,G,4on5,391.0,1.064,1.0,12.0,0.772,1.0,1.18,3.0,7.22,6.0,0.002,0.0,3.89,2.0,3.074,3.0,1.013,4.0,5.0,1.0,0.187,0.517,0.36,0.0,0.0,1.0,2.0,0.0,0.0
8478009,Ilya Sorokin,2026020008,2026,NYI,TOR,AWAY,20260930,G,5on4,480.0,0.0,0.0,0.0,0.0,0.0,0.0,0.0,0.0,0.0,0.009,0.0,0.0,0.0,0.0,0.0,0.0,0.0,0.0,0.0,0.0,0.0,0.0,0.0,0.0,0.0,0.0,0.0,0.0
8478048,Igor Shesterkin,2026020003,2026,NYR,BOS,AWAY,20260929,G,other,0.0,0.0,0.0,0.0,0.0,0.0,0.0,0.0,0.0,0.0,0.0,0.0,0.0,0.0,0.0,0.0,0.0,0.0,0.0,0.0,0.0,0.0,0.0,0.0,0.0,0.0,0.0,0.0,0.0
8478048,Igor Shesterkin,2026020003,2026,NYR,BOS,AWAY,20260929,G,all,3563.0,2.616,2.0,54.0,3.006,2.0,4.925,6.0,28.35,22.0,0.064,0.0,13.445,12.0,14.921,17.0,2.584,25.0,14.0,0.0,0.999,1.617,0.0,0.0,2.0,0.0,15.0,0.0,0.0
8478048,Igor Shesterkin,2026020003,2026,NYR,BOS,AWAY,20260929,G,5on5,3323.0,2.564,2.0,52.0,2.935,2.0,4.757,5.0,27.626,21.0,0.057,0.0,13.001,12.0,14.663,17.0,2.532,24.0,14.0,0.0,0.947,1.617,0.0,0.0,2.0,0.0,14.0,0.0,0.0
8478048,Igor Shesterkin,2026020003,2026,NYR,BOS,AWAY,20260929,G,4on5,120.0,0.052,0.0,2.0,0.071,0.0,0.168,1.0,0.723,1.0,0.001,0.0,0.444,0.0,0.259,0.0,0.052,1.0,0.0,0.0,0.052,0.0,0.0,0.0,0.0,0.0,1.0,0.0,0.0
8478048,Igor Shesterkin,2026020003,2026,NYR,BOS,AWAY,20260929,G,5on4,120.0,0.0,0.0,0.0,0.0,0.0,0.0,0.0,0.0,0.0,0.006,0.0,0.0,0.0,0.0,0.0,0.0,0.0,0.0,0.0,0.0,0.0,0.0,0.0,0.0,0.0,0.0,0.0,0.0
8478048,Igor Shesterkin,2026020010,2026,NYR,TBL,HOME,20261001,G,other,371.0,0.54,0.0,11.0,0.4,0.0,0.787,2.0,4.259,4.0,0.107,0.0,2.353,1.0,1.898,3.0,0.533,3.0,3.0,0.0,0.079,0.461,0.0,0.0,0.0,0.0,5.0,0.0,0.0
8478048,Igor Shesterkin,2026020010,2026,NYR,TBL,HOME,20261001,G,all,3600.0,2.642,1.0,64.0,3.854,7.0,4.896,7.0,28.659,25.0,0.176,0.0,14.217,16.0,14.29,9.0,2.576,25.0,15.0,0.0,0.861,1.781,0.0,1.0,0.0,0.0,24.0,0.0,0.0
8478048,Igor Shesterkin,2026020010,2026,NYR,TBL,HOME,20261001,G,5on5,2468.0,1.624,1.0,43.0,2.795,7.0,2.998,2.0,18.843,13.0,0.064,0.0,8.531,12.0,10.001,4.0,1.57,16.0,10.0,0.0,0.532,1.092,0.0,1.0,0.0,0.0,17.0,0.0,0.0
8478048,Igor Shesterkin,2026020010,2026,NYR,TBL,HOME,20261001,G,4on5,608.0,0.478,0.0,9.0,0.659,0.0,1.112,3.0,5.557,8.0,0.0,0.0,3.333,3.0,2.39,2.0,0.473,6.0,2.0,0.0,0.25,0.228,0.0,0.0,0.0,0.0,1.0,0.0,0.0
8478048,Igor Shesterkin,2026020010,2026,NYR,TBL,HOME,20261001,G,5on4,153.0,0.0,0.0,1.0,0.0,0.0,0.0,0.0,0.0,0.0,0.005,0.0,0.0,0.0,0.0,0.0,0.0,0.0,0.0,0.0,0.0,0.0,0.0,0.0,0.0,0.0,1.0,0.0,0.0
8478435,Dan Vladar,2026020006,2026,PHI,PIT,HOME,20260930,G,other,0.0,0.0,0.0,0.0,0.0,0.0,0.0,0.0,0.0,0.0,0.0,0.0,0.0,0.0,0.0,0.0,0.0,0.0,0.0,0.0,0.0,0.0,0.0,0.0,0.0,0.0,0.0,0.0,0.0
8478435,Dan Vladar,2026020006,2026,PHI,PIT,HOME,20260930,G,all,3581.0,4.287,7.0,62.0,4.553,6.0,6.559,8.0,40.501,38.0,0.055,0.0,18.484,23.0,19.0,9.0,4.053,33.0,17.0,3.0,1.058,2.268,0.961,1.0,5.0,1.0,9.0,0.0,0.0
8478435,Dan Vladar,2026020006,2026,PHI,PIT,HOME,20260930,G,5on5,2844.0,3.05,4.0,52.0,3.886,5.0,5.688,8.0,33.664,31.0,0.032,0.0,15.497,21.0,15.779,6.0,2.86,31.0,11.0,2.0,1.029,1.488,0.533,1.0,2.0,1.0,8.0,0.0,0.0
8478435,Dan Vladar,2026020006,2026,PHI,PIT,HOME,20260930,G,4on5,410.0,0.93,2.0,8.0,0.563,1.0,0.742,0.0,5.304,6.0,0.002,0.0,2.676,2.0,2.076,2.0,0.886,2.0,4.0,1.0,0.029,0.473,0.428,0.0,2.0,0.0,1.0,0.0,0.0
8478435,Dan Vladar,2026020006,2026,PHI,PIT,HOME,20260930,G,5on4,327.0,0.307,1.0,2.0,0.104,0.0,0.13,0.0,1.533,1.0,0.02,0.0,0.311,0.0,1.145,1.0,0.307,0.0,2.0,0.0,0.0,0.307,0.0,0.0,1.0,0.0,0.0,0.0,0.0
8479361,Joseph Woll,2026020009,2026,PHI,NJD,AWAY,20261001,G,other,0.0,0.0,0.0,0.0,0.0,0.0,0.0,0.0,0.0,0.0,0.0,0.0,0.0,0.0,0.0,0.0,0.0,0.0,0.0,0.0,0.0,0.0,0.0,0.0,0.0,0.0,0.0,0.0,0.0
8479361,Joseph Woll,2026020009,2026,PHI,NJD,AWAY,20261001,G,all,3769.0,4.409,3.0,95.0,4.664,4.0,8.076,12.0,46.86,44.0,0.055,0.0,21.958,23.0,22.76,20.0,4.246,42.0,17.0,3.0,1.379,2.177,0.853,1.0,1.0,1.0,33.0,0.0,0.0
8479361,Joseph Woll,2026020009,2026,PHI,NJD,AWAY,20261001,G,5on5,3169.0,3.001,2.0,73.0,3.479,2.0,6.885,10.0,35.753,33.0,0.049,0.0,17.044,18.0,17.488,16.0,2.864,35.0,11.0,2.0,1.042,1.441,0.517,1.0,1.0,0.0,25.0,0.0,0.0
8479361,Joseph Woll,2026020009,2026,PHI,NJD,AWAY,20261001,G,4on5,480.0,0.693,0.0,17.0,0.939,2.0,0.918,2.0,7.083,8.0,0.0,0.0,3.711,4.0,2.717,1.0,0.687,5.0,4.0,0.0,0.242,0.451,0.0,0.0,0.0,0.0,8.0,0.0,0.0
8479361,Joseph Woll,2026020009,2026,PHI,NJD,AWAY,20261001,G,5on4,120.0,0.016,0.0,1.0,0.035,0.0,0.047,0.0,0.769,0.0,0.002,0.0,0.194,0.0,0.707,1.0,0.016,1.0,0.0,0.0,0.016,0.0,0.0,0.0,0.0,0.0,0.0,0.0,0.0
8481668,Arturs Silovs,2026020006,2026,PIT,PHI,AWAY,20260930,G,other,19.0,0.0,0.0,0.0,0.0,0.0,0.0,0.0,0.0,0.0,0.0,0.0,0.0,0.0,0.0,0.0,0.0,0.0,0.0,0.0,0.0,0.0,0.0,0.0,0.0,0.0,0.0,0.0,0.0
8481668,Arturs Silovs,2026020006,2026,PIT,PHI,AWAY,20260930,G,all,3600.0,1.557,0.0,47.0,2.597,1.0,4.676,5.0,24.985,19.0,0.117,0.0,12.123,14.0,12.992,14.0,1.528,27.0,7.0,0.0,0.754,0.803,0.0,0.0,0.0,0.0,13.0,0.0,0.0
8481668,Arturs Silovs,2026020006,2026,PIT,PHI,AWAY,20260930,G,5on5,2844.0,0.746,0.0,31.0,1.462,0.0,3.013,3.0,15.478,11.0,0.1,0.0,7.165,9.0,8.581,9.0,0.744,18.0,3.0,0.0,0.417,0.329,0.0,0.0,0.0,0.0,10.0,0.0,0.0
8481668,Arturs Silovs,2026020006,2026,PIT,PHI,AWAY,20260930,G,4on5,327.0,0.719,0.0,14.0,1.056,1.0,1.523,1.0,7.976,6.0,0.003,0.0,4.398,5.0,3.283,4.0,0.691,8.0,3.0,0.0,0.333,0.386,0.0,0.0,0.0,0.0,3.0,0.0,0.0
8481668,Arturs Silovs,2026020006,2026,PIT,PHI,AWAY,20260930,G,5on4,410.0,0.092,0.0,2.0,0.078,0.0,0.139,1.0,1.531,2.0,0.014,0.0,0.56,0.0,1.128,1.0,0.092,1.0,1.0,0.0,0.004,0.089,0.0,0.0,0.0,0.0,0.0,0.0,0.0
8478916,Joey Daccord,2026020014,2026,SEA,CGY,AWAY,20261001,G,other,130.0,0.033,0.0,1.0,0.05,0.0,0.136,0.0,0.753,0.0,0.003,0.0,0.341,0.0,0.438,1.0,0.033,1.0,0.0,0.0,0.033,0.0,0.0,0.0,0.0,0.0,0.0,0.0,0.0
8478916,Joey Daccord,2026020014,2026,SEA,CGY,AWAY,20261001,G,all,3570.0,2.531,1.0,64.0,3.092,3.0,5.359,6.0,31.278,25.0,0.101,0.0,14.372,15.0,16.57,16.0,2.483,29.0,13.0,0.0,0.759,1.772,0.0,1.0,0.0,0.0,22.0,0.0,0.0
8478916,Joey Daccord,2026020014,2026,SEA,CGY,AWAY,20261001,G,5on5,2927.0,2.255,1.0,57.0,2.83,3.0,5.021,5.0,27.827,23.0,0.083,0.0,13.24,14.0,13.589,13.0,2.207,25.0,12.0,0.0,0.578,1.677,0.0,1.0,0.0,0.0,20.0,0.0,0.0
8478916,Joey Daccord,2026020014,2026,SEA,CGY,AWAY,20261001,G,4on5,120.0,0.061,0.0,3.0,0.056,0.0,0.108,0.0,0.745,0.0,0.0,0.0,0.403,1.0,0.368,0.0,0.061,1.0,0.0,0.0,0.061,0.0,0.0,0.0,0.0,0.0,2.0,0.0,0.0
8478916,Joey Daccord,2026020014,2026,SEA,CGY,AWAY,20261001,G,5on4,393.0,0.182,0.0,3.0,0.155,0.0,0.094,1.0,1.953,2.0,0.015,0.0,0.388,0.0,2.175,2.0,0.182,2.0,1.0,0.0,0.087,0.095,0.0,0.0,0.0,0.0,0.0,0.0,0.0
8482137,Yaroslav Askarov,2026020016,2026,SJS,FLA,HOME,20261001,G,other,59.0,0.0,0.0,1.0,0.0,0.0,0.0,0.0,0.0,0.0,0.022,0.0,0.0,0.0,0.0,0.0,0.0,0.0,0.0,0.0,0.0,0.0,0.0,0.0,0.0,0.0,1.0,0.0,0.0
8482137,Yaroslav Askarov,2026020016,2026,SJS,FLA,HOME,20261001,G,all,3794.0,3.987,3.0,70.0,4.063,3.0,5.849,7.0,35.273,26.0,0.098,0.0,18.133,20.0,16.86,16.0,3.784,30.0,17.0,2.0,0.944,2.208,0.836,1.0,1.0,1.0,21.0,0.0,0.0
8482137,Yaroslav Askarov,2026020016,2026,SJS,FLA,HOME,20261001,G,5on5,2760.0,1.707,2.0,44.0,2.119,2.0,3.426,5.0,19.763,17.0,0.043,0.0,10.173,11.0,10.521,8.0,1.697,21.0,6.0,1.0,0.589,0.788,0.331,1.0,1.0,0.0,16.0,0.0,0.0
8482137,Yaroslav Askarov,2026020016,2026,SJS,FLA,HOME,20261001,G,4on5,627.0,2.238,1.0,23.0,1.912,1.0,2.348,2.0,14.726,9.0,0.01,0.0,7.812,8.0,5.636,8.0,2.045,8.0,11.0,1.0,0.313,1.42,0.505,0.0,0.0,1.0,3.0,0.0,0.0
8482137,Yaroslav Askarov,2026020016,2026,SJS,FLA,HOME,20261001,G,5on4,348.0,0.042,0.0,2.0,0.031,0.0,0.074,0.0,0.784,0.0,0.023,0.0,0.148,1.0,0.703,0.0,0.042,1.0,0.0,0.0,0.042,0.0,0.0,0.0,0.0,0.0,1.0,0.0,0.0
8476883,Andrei Vasilevskiy,2026020010,2026,TBL,NYR,AWAY,20261001,G,other,123.0,0.342,0.0,3.0,0.172,0.0,0.186,0.0,1.71,1.0,0.001,0.0,0.51,1.0,0.783,1.0,0.342,0.0,1.0,1.0,0.0,0.138,0.204,0.0,0.0,0.0,1.0,0.0,0.0
8476883,Andrei Vasilevskiy,2026020010,2026,TBL,NYR,AWAY,20261001,G,all,3352.0,2.548,4.0,46.0,2.532,4.0,4.169,5.0,25.019,24.0,0.08,0.0,11.384,12.0,11.291,7.0,2.468,19.0,10.0,3.0,0.683,1.246,0.619,1.0,2.0,1.0,14.0,0.0,0.0
8476883,Andrei Vasilevskiy,2026020010,2026,TBL,NYR,AWAY,20261001,G,5on5,2468.0,1.901,3.0,39.0,2.15,3.0,3.597,4.0,21.121,20.0,0.051,0.0,9.763,11.0,9.525,6.0,1.855,18.0,7.0,2.0,0.61,0.876,0.415,1.0,1.0,1.0,12.0,0.0,0.0
8476883,Andrei Vasilevskiy,2026020010,2026,TBL,NYR,AWAY,20261001,G,4on5,153.0,0.305,1.0,4.0,0.209,1.0,0.386,1.0,2.189,3.0,0.0,0.0,1.112,0.0,0.983,0.0,0.27,1.0,2.0,0.0,0.073,0.232,0.0,0.0,1.0,0.0,1.0,0.0,0.0
8476883,Andrei Vasilevskiy,2026020010,2026,TBL,NYR,AWAY,20261001,G,5on4,608.0,0.0,0.0,0.0,0.0,0.0,0.0,0.0,0.0,0.0,0.027,0.0,0.0,0.0,0.0,0.0,0.0,0.0,0.0,0.0,0.0,0.0,0.0,0.0,0.0,0.0,0.0,0.0,0.0
8476932,Anthony Stolarz,2026020008,2026,TOR,NYI,HOME,20260930,G,other,124.0,0.134,0.0,7.0,0.434,1.0,0.558,0.0,3.099,2.0,0.048,0.0,1.881,3.0,0.978,0.0,0.131,4.0,0.0,0.0,0.134,0.0,0.0,0.0,0.0,0.0,3.0,0.0,0.0
8476932,Anthony Stolarz,2026020008,2026,TOR,NYI,HOME,20260930,G,all,3502.0,2.65,1.0,68.0,3.475,3.0,5.899,5.0,33.708,27.0,0.105,0.0,16.602,21.0,17.282,16.0,2.596,32.0,13.0,1.0,0.821,1.619,0.21,0.0,1.0,0.0,22.0,0.0,0.0
8476932,Anthony Stolarz,2026020008,2026,TOR,NYI,HOME,20260930,G,5on5,2507.0,1.76,0.0,47.0,2.552,2.0,4.908,5.0,25.999,21.0,0.036,0.0,12.935,16.0,13.78,13.0,1.727,27.0,9.0,0.0,0.682,1.078,0.0,0.0,0.0,0.0,11.0,0.0,0.0
8476932,Anthony Stolarz,2026020008,2026,TOR,NYI,HOME,20260930,G,4on5,480.0,0.578,0.0,12.0,0.435,0.0,0.357,0.0,2.946,2.0,0.0,0.0,1.497,2.0,1.124,2.0,0.561,0.0,3.0,1.0,0.0,0.368,0.21,0.0,0.0,0.0,8.0,0.0,0.0
8476932,Anthony Stolarz,2026020008,2026,TOR,NYI,HOME,20260930,G,5on4,391.0,0.178,1.0,2.0,0.054,0.0,0.076,0.0,1.664,2.0,0.021,0.0,0.289,0.0,1.4,1.0,0.178,1.0,1.0,0.0,0.005,0.173,0.0,0.0,1.0,0.0,0.0,0.0,0.0
8475683,Sergei Bobrovsky,2026020002,2026,TOR,MTL,HOME,20260929,G,other,144.0,0.148,0.0,3.0,0.168,0.0,0.426,0.0,2.17,2.0,0.0,0.0,0.912,0.0,1.338,3.0,0.148,3.0,0.0,0.0,0.148,0.0,0.0,0.0,0.0,0.0,0.0,0.0,0.0
8475683,Sergei Bobrovsky,2026020002,2026,TOR,MTL,HOME,20260929,G,all,3525.0,2.286,3.0,51.0,2.646,1.0,4.376,5.0,26.501,24.0,0.074,0.0,12.718,8.0,13.887,19.0,2.202,25.0,10.0,1.0,0.677,1.245,0.364,1.0,1.0,1.0,15.0,0.0,0.0
8475683,Sergei Bobrovsky,2026020002,2026,TOR,MTL,HOME,20260929,G,5on5,2781.0,1.761,3.0,40.0,1.897,1.0,3.527,4.0,20.605,19.0,0.063,0.0,9.794,7.0,10.958,13.0,1.713,19.0,8.0,1.0,0.358,1.039,0.364,1.0,1.0,1.0,12.0,0.0,0.0
8475683,Sergei Bobrovsky,2026020002,2026,TOR,MTL,HOME,20260929,G,4on5,240.0,0.377,0.0,8.0,0.581,0.0,0.422,1.0,3.725,3.0,0.0,0.0,2.011,1.0,1.591,3.0,0.341,3.0,2.0,0.0,0.171,0.206,0.0,0.0,0.0,0.0,3.0,0.0,0.0
8475683,Sergei Bobrovsky,2026020002,2026,TOR,MTL,HOME,20260929,G,5on4,360.0,0.0,0.0,0.0,0.0,0.0,0.0,0.0,0.0,0.0,0.011,0.0,0.0,0.0,0.0,0.0,0.0,0.0,0.0,0.0,0.0,0.0,0.0,0.0,0.0,0.0,0.0,0.0,0.0
8478872,Karel Vejmelka,2026020013,2026,UTA,CHI,HOME,20261001,G,other,34.0,0.0,0.0,0.0,0.0,0.0,0.0,0.0,0.0,0.0,0.0,0.0,0.0,0.0,0.0,0.0,0.0,0.0,0.0,0.0,0.0,0.0,0.0,0.0,0.0,0.0,0.0,0.0,0.0
8478872,Karel Vejmelka,2026020013,2026,UTA,CHI,HOME,20261001,G,all,3600.0,1.689,0.0,42.0,1.823,3.0,4.171,1.0,22.754,15.0,0.119,0.0,10.993,13.0,12.267,14.0,1.681,21.0,10.0,0.0,0.568,1.121,0.0,0.0,0.0,0.0,11.0,0.0,0.0
8478872,Karel Vejmelka,2026020013,2026,UTA,CHI,HOME,20261001,G,5on5,3066.0,1.361,0.0,38.0,1.646,3.0,3.922,1.0,20.512,14.0,0.105,0.0,10.104,12.0,10.923,12.0,1.352,20.0,8.0,0.0,0.507,0.854,0.0,0.0,0.0,0.0,10.0,0.0,0.0
8478872,Karel Vejmelka,2026020013,2026,UTA,CHI,HOME,20261001,G,4on5,332.0,0.19,0.0,3.0,0.118,0.0,0.204,0.0,1.506,1.0,0.001,0.0,0.766,1.0,0.714,1.0,0.19,1.0,1.0,0.0,0.061,0.129,0.0,0.0,0.0,0.0,1.0,0.0,0.0
8478872,Karel Vejmelka,2026020013,2026,UTA,CHI,HOME,20261001,G,5on4,168.0,0.138,0.0,1.0,0.06,0.0,0.045,0.0,0.735,0.0,0.013,0.0,0.123,0.0,0.631,1.0,0.138,0.0,1.0,0.0,0.0,0.138,0.0,0.0,0.0,0.0,0.0,0.0,0.0
8482447,Leevi Merilinen,2026020015,2026,VAN,EDM,HOME,20261001,G,other,0.0,0.0,0.0,0.0,0.0,0.0,0.0,0.0,0.0,0.0,0.0,0.0,0.0,0.0,0.0,0.0,0.0,0.0,0.0,0.0,0.0,0.0,0.0,0.0,0.0,0.0,0.0,0.0,0.0
8482447,Leevi Merilinen,2026020015,2026,VAN,EDM,HOME,20261001,G,all,1841.0,1.081,1.0,19.0,1.033,1.0,1.798,4.0,11.347,11.0,0.055,0.0,5.406,4.0,5.648,5.0,1.051,9.0,4.0,2.0,0.256,0.367,0.459,0.0,1.0,0.0,4.0,0.0,0.0
8482447,Leevi Merilinen,2026020015,2026,VAN,EDM,HOME,20261001,G,5on5,1494.0,0.573,0.0,11.0,0.533,0.0,0.927,1.0,6.892,6.0,0.04,0.0,3.093,3.0,3.857,5.0,0.57,6.0,2.0,1.0,0.149,0.19,0.234,0.0,0.0,0.0,2.0,0.0,0.0
8482447,Leevi Merilinen,2026020015,2026,VAN,EDM,HOME,20261001,G,4on5,156.0,0.508,1.0,8.0,0.5,1.0,0.872,3.0,4.455,5.0,0.0,0.0,2.314,1.0,1.791,0.0,0.482,3.0,2.0,1.0,0.107,0.177,0.224,0.0,1.0,0.0,2.0,0.0,0.0
8482447,Leevi Merilinen,2026020015,2026,VAN,EDM,HOME,20261001,G,5on4,191.0,0.0,0.0,0.0,0.0,0.0,0.0,0.0,0.0,0.0,0.015,0.0,0.0,0.0,0.0,0.0,0.0,0.0,0.0,0.0,0.0,0.0,0.0,0.0,0.0,0.0,0.0,0.0,0.0
8480947,Kevin Lankinen,2026020004,2026,VAN,EDM,AWAY,20260929,G,other,39.0,0.339,1.0,3.0,0.139,0.0,0.209,0.0,1.519,1.0,0.013,0.0,0.935,1.0,0.375,0.0,0.31,0.0,2.0,0.0,0.0,0.339,0.0,0.0,1.0,0.0,1.0,0.0,0.0
8480947,Kevin Lankinen,2026020004,2026,VAN,EDM,AWAY,20260929,G,all,3703.0,3.677,5.0,72.0,3.617,6.0,5.962,5.0,36.105,37.0,0.058,0.0,17.331,18.0,17.316,14.0,3.498,31.0,13.0,4.0,0.712,1.911,1.053,2.0,1.0,2.0,24.0,0.0,0.0
8480947,Kevin Lankinen,2026020004,2026,VAN,EDM,AWAY,20260929,G,5on5,3191.0,2.445,4.0,58.0,2.94,5.0,5.248,5.0,30.524,31.0,0.039,0.0,14.714,16.0,15.585,11.0,2.387,31.0,7.0,3.0,0.712,0.979,0.754,2.0,0.0,2.0,17.0,0.0,0.0
8480947,Kevin Lankinen,2026020004,2026,VAN,EDM,AWAY,20260929,G,4on5,354.0,0.893,0.0,11.0,0.538,1.0,0.504,0.0,4.062,5.0,0.002,0.0,1.682,1.0,1.356,3.0,0.801,0.0,4.0,1.0,0.0,0.593,0.3,0.0,0.0,0.0,6.0,0.0,0.0
8480947,Kevin Lankinen,2026020004,2026,VAN,EDM,AWAY,20260929,G,5on4,119.0,0.0,0.0,0.0,0.0,0.0,0.0,0.0,0.0,0.0,0.004,0.0,0.0,0.0,0.0,0.0,0.0,0.0,0.0,0.0,0.0,0.0,0.0,0.0,0.0,0.0,0.0,0.0,0.0
8480947,Kevin Lankinen,2026020015,2026,VAN,EDM,HOME,20261001,G,other,9.0,0.0,0.0,0.0,0.0,0.0,0.0,0.0,0.0,0.0,0.0,0.0,0.0,0.0,0.0,0.0,0.0,0.0,0.0,0.0,0.0,0.0,0.0,0.0,0.0,0.0,0.0,0.0,0.0
8480947,Kevin Lankinen,2026020015,2026,VAN,EDM,HOME,20261001,G,all,1703.0,2.269,8.0,38.0,2.479,3.0,3.121,3.0,21.904,21.0,0.012,0.0,10.379,10.0,10.695,5.0,2.181,16.0,11.0,2.0,0.35,1.442,0.476,2.0,4.0,2.0,9.0,0.0,0.0
8480947,Kevin Lankinen,2026020015,2026,VAN,EDM,HOME,20261001,G,5on5,1417.0,1.32,5.0,27.0,1.73,3.0,2.462,1.0,15.515,15.0,0.012,0.0,7.767,8.0,7.685,4.0,1.249,14.0,5.0,2.0,0.195,0.649,0.476,2.0,1.0,2.0,6.0,0.0,0.0
8480947,Kevin Lankinen,2026020015,2026,VAN,EDM,HOME,20261001,G,4on5,252.0,0.707,1.0,9.0,0.638,0.0,0.564,2.0,4.703,4.0,0.0,0.0,2.305,2.0,1.766,1.0,0.691,2.0,4.0,0.0,0.155,0.552,0.0,0.0,1.0,0.0,3.0,0.0,0.0
8480947,Kevin Lankinen,2026020015,2026,VAN,EDM,HOME,20261001,G,5on4,25.0,0.241,2.0,2.0,0.11,0.0,0.094,0.0,1.685,2.0,0.0,0.0,0.306,0.0,1.245,0.0,0.241,0.0,2.0,0.0,0.0,0.241,0.0,0.0,2.0,0.0,0.0,0.0,0.0
8479394,Carter Hart,2026020005,2026,VGK,CHI,HOME,20260929,G,other,13.0,0.0,0.0,0.0,0.0,0.0,0.0,0.0,0.0,0.0,0.002,0.0,0.0,0.0,0.0,0.0,0.0,0.0,0.0,0.0,0.0,0.0,0.0,0.0,0.0,0.0,0.0,0.0,0.0
8479394,Carter Hart,2026020005,2026,VGK,CHI,HOME,20260929,G,all,3597.0,2.011,2.0,48.0,3.289,4.0,4.829,7.0,29.184,26.0,0.107,0.0,13.647,11.0,15.156,15.0,1.965,30.0,8.0,1.0,0.96,0.816,0.235,2.0,0.0,0.0,9.0,0.0,0.0
8479394,Carter Hart,2026020005,2026,VGK,CHI,HOME,20260929,G,5on5,3043.0,1.613,2.0,42.0,2.878,4.0,4.268,6.0,24.766,22.0,0.085,0.0,11.769,10.0,12.418,11.0,1.567,26.0,6.0,1.0,0.793,0.586,0.235,2.0,0.0,0.0,9.0,0.0,0.0
8479394,Carter Hart,2026020005,2026,VGK,CHI,HOME,20260929,G,4on5,240.0,0.298,0.0,4.0,0.329,0.0,0.489,0.0,2.975,2.0,0.002,0.0,1.565,1.0,1.309,3.0,0.298,3.0,1.0,0.0,0.16,0.138,0.0,0.0,0.0,0.0,0.0,0.0,0.0
8479394,Carter Hart,2026020005,2026,VGK,CHI,HOME,20260929,G,5on4,301.0,0.1,0.0,2.0,0.083,0.0,0.072,1.0,1.442,2.0,0.018,0.0,0.313,0.0,1.429,1.0,0.1,1.0,1.0,0.0,0.007,0.092,0.0,0.0,0.0,0.0,0.0,0.0,0.0
