lineId,name,gameId,playerTeam,opposingTeam,home_or_away,gameDate,position,situation,icetime,iceTimeRank,xGoalsPercentage,corsiPercentage,fenwickPercentage,xOnGoalFor,xGoalsFor,xReboundsFor,xFreezeFor,xPlayStoppedFor,xPlayContinuedInZoneFor,xPlayContinuedOutsideZoneFor,flurryAdjustedxGoalsFor,scoreVenueAdjustedxGoalsFor,flurryScoreVenueAdjustedxGoalsFor,shotsOnGoalFor,missedShotsFor,blockedShotAttemptsFor,shotAttemptsFor,goalsFor,reboundsFor,reboundGoalsFor,freezeFor,playStoppedFor,playContinuedInZoneFor,playContinuedOutsideZoneFor,savedShotsOnGoalFor,savedUnblockedShotAttemptsFor,penaltiesFor,penalityMinutesFor,faceOffsWonFor,hitsFor,takeawaysFor,giveawaysFor,lowDangerShotsFor,mediumDangerShotsFor,highDangerShotsFor,lowDangerxGoalsFor,mediumDangerxGoalsFor,highDangerxGoalsFor,lowDangerGoalsFor,mediumDangerGoalsFor,highDangerGoalsFor,scoreAdjustedShotsAttemptsFor,unblockedShotAttemptsFor,scoreAdjustedUnblockedShotAttemptsFor,dZoneGiveawaysFor,xGoalsFromxReboundsOfShotsFor,xGoalsFromActualReboundsOfShotsFor,reboundxGoalsFor,totalShotCreditFor,scoreAdjustedTotalShotCreditFor,scoreFlurryAdjustedTotalShotCreditFor,xOnGoalAgainst,xGoalsAgainst,xReboundsAgainst,xFreezeAgainst,xPlayStoppedAgainst,xPlayContinuedInZoneAgainst,xPlayContinuedOutsideZoneAgainst,flurryAdjustedxGoalsAgainst,scoreVenueAdjustedxGoalsAgainst,flurryScoreVenueAdjustedxGoalsAgainst,shotsOnGoalAgainst,missedShotsAgainst,blockedShotAttemptsAgainst,shotAttemptsAgainst,goalsAgainst,reboundsAgainst,reboundGoalsAgainst,freezeAgainst,playStoppedAgainst,playContinuedInZoneAgainst,playContinuedOutsideZoneAgainst,savedShotsOnGoalAgainst,savedUnblockedShotAttemptsAgainst,penaltiesAgainst,penalityMinutesAgainst,faceOffsWonAgainst,hitsAgainst,takeawaysAgainst,giveawaysAgainst,lowDangerShotsAgainst,mediumDangerShotsAgainst,highDangerShotsAgainst,lowDangerxGoalsAgainst,mediumDangerxGoalsAgainst,highDangerxGoalsAgainst,lowDangerGoalsAgainst,mediumDangerGoalsAgainst,highDangerGoalsAgainst,scoreAdjustedShotsAttemptsAgainst,unblockedShotAttemptsAgainst,scoreAdjustedUnblockedShotAttemptsAgainst,dZoneGiveawaysAgainst,xGoalsFromxReboundsOfShotsAgainst,xGoalsFromActualReboundsOfShotsAgainst,reboundxGoalsAgainst,totalShotCreditAgainst,scoreAdjustedTotalShotCreditAgainst,scoreFlurryAdjustedTotalShotCreditAgainst,season,game_type
847795684784018482177,Khusnutdinov-Zacha-Pastrnak,2025030116,BOS,BUF,HOME,2026-05-01,line,5on5,547.0,2.0,0.489,0.6957,0.6111,7.767,0.576,0.463,1.877,0.246,4.566,3.272,0.549,0.529,0.505,5.0,6.0,5.0,16.0,1.0,0.0,0.0,0.0,0.0,7.0,3.0,4.0,10.0,1.0,2.0,6.0,8.0,1.0,3.0,8.0,3.0,0.0,0.217,0.358,0.0,0.0,1.0,0.0,14.596,11.0,9.993,1.0,0.095,0.0,0.0,0.671,0.616,0.589,5.181,0.602,0.326,1.31,0.168,2.678,1.917,0.599,0.665,0.662,6.0,1.0,0.0,7.0,3.0,0.0,0.0,0.0,0.0,2.0,2.0,3.0,4.0,0.0,0.0,4.0,6.0,0.0,5.0,5.0,1.0,1.0,0.177,0.163,0.262,1.0,1.0,1.0,7.925,7.0,7.885,2.0,0.068,0.0,0.0,0.67,0.741,0.737,2025,playoffs
847998784799998483489,Mittelstadt-Minten-Geekie,2025030116,BOS,BUF,HOME,2026-05-01,line,5on5,21.0,15.0,0.0,0.0,0.0,0.0,0.0,0.0,0.0,0.0,0.0,0.0,0.0,0.0,0.0,0.0,0.0,0.0,0.0,0.0,0.0,0.0,0.0,0.0,0.0,0.0,0.0,0.0,0.0,0.0,0.0,0.0,0.0,0.0,0.0,0.0,0.0,0.0,0.0,0.0,0.0,0.0,0.0,0.0,0.0,0.0,0.0,0.0,0.0,0.0,0.0,0.0,0.0,1.404,0.034,0.053,0.412,0.052,0.766,0.683,0.034,0.038,0.038,2.0,0.0,0.0,2.0,0.0,0.0,0.0,1.0,0.0,1.0,0.0,2.0,2.0,0.0,0.0,0.0,0.0,0.0,0.0,2.0,0.0,0.0,0.034,0.0,0.0,0.0,0.0,0.0,2.308,2.0,2.292,0.0,0.01,0.0,0.0,0.044,0.049,0.049,2025,playoffs
84793258479369,Mcavoy-Peeke,2025030116,BOS,BUF,HOME,2026-05-01,pairing,5on5,41.0,9.0,0.0,1.0,0.0,0.0,0.0,0.0,0.0,0.0,0.0,0.0,0.0,0.0,0.0,0.0,0.0,1.0,1.0,0.0,0.0,0.0,0.0,0.0,0.0,0.0,0.0,0.0,0.0,0.0,0.0,0.0,0.0,0.0,0.0,0.0,0.0,0.0,0.0,0.0,0.0,0.0,0.0,0.882,0.0,0.0,0.0,0.0,0.0,0.0,0.0,0.0,0.0,0.0,0.0,0.0,0.0,0.0,0.0,0.0,0.0,0.0,0.0,0.0,0.0,0.0,0.0,0.0,0.0,0.0,0.0,0.0,0.0,0.0,0.0,0.0,0.0,0.0,0.0,0.0,0.0,0.0,0.0,0.0,0.0,0.0,0.0,0.0,0.0,0.0,0.0,0.0,0.0,0.0,0.0,0.0,0.0,0.0,0.0,0.0,0.0,2025,playoffs
847840184796618479987,Jeannot-Zacha-Geekie,2025030116,BOS,BUF,HOME,2026-05-01,line,5on5,15.0,20.0,0.3256,0.5,0.5,0.758,0.014,0.027,0.28,0.022,0.39,0.267,0.014,0.013,0.013,1.0,0.0,0.0,1.0,0.0,0.0,0.0,0.0,0.0,0.0,1.0,1.0,1.0,0.0,0.0,0.0,1.0,0.0,0.0,1.0,0.0,0.0,0.014,0.0,0.0,0.0,0.0,0.0,0.915,1.0,0.916,0.0,0.006,0.0,0.0,0.02,0.018,0.018,0.699,0.029,0.034,0.205,0.028,0.417,0.286,0.029,0.031,0.031,1.0,0.0,0.0,1.0,0.0,0.0,0.0,0.0,0.0,1.0,0.0,1.0,1.0,0.0,0.0,0.0,0.0,0.0,0.0,1.0,0.0,0.0,0.029,0.0,0.0,0.0,0.0,0.0,1.103,1.0,1.1,0.0,0.007,0.0,0.0,0.035,0.039,0.039,2025,playoffs
847749684779568479987,Geekie-Lindholm-Pastrnak,2025030116,BOS,BUF,HOME,2026-05-01,line,5on5,47.0,8.0,1.0,1.0,1.0,1.731,0.188,0.129,0.393,0.047,0.762,0.482,0.185,0.17,0.168,1.0,1.0,1.0,3.0,0.0,0.0,0.0,0.0,0.0,2.0,0.0,1.0,2.0,0.0,0.0,0.0,1.0,0.0,0.0,1.0,1.0,0.0,0.012,0.175,0.0,0.0,0.0,0.0,2.646,2.0,1.774,0.0,0.028,0.0,0.0,0.216,0.195,0.193,0.0,0.0,0.0,0.0,0.0,0.0,0.0,0.0,0.0,0.0,0.0,0.0,0.0,0.0,0.0,0.0,0.0,0.0,0.0,0.0,0.0,0.0,0.0,0.0,0.0,0.0,0.0,0.0,0.0,0.0,0.0,0.0,0.0,0.0,0.0,0.0,0.0,0.0,0.0,0.0,0.0,0.0,0.0,0.0,0.0,0.0,0.0,0.0,2025,playoffs
84775078479369,Zadorov-Peeke,2025030116,BOS,BUF,HOME,2026-05-01,pairing,5on5,787.0,1.0,0.7158,0.3889,0.4615,4.596,0.461,0.215,1.163,0.151,2.033,1.977,0.456,0.424,0.419,5.0,1.0,1.0,7.0,0.0,1.0,0.0,1.0,0.0,2.0,2.0,5.0,6.0,0.0,0.0,7.0,10.0,1.0,2.0,5.0,0.0,1.0,0.104,0.0,0.357,0.0,0.0,0.0,6.372,6.0,5.469,0.0,0.045,0.357,0.357,0.15,0.137,0.137,5.048,0.183,0.288,1.485,0.144,2.795,2.105,0.183,0.202,0.202,6.0,1.0,4.0,11.0,1.0,0.0,0.0,2.0,0.0,1.0,3.0,5.0,6.0,0.0,0.0,7.0,8.0,1.0,1.0,7.0,0.0,0.0,0.183,0.0,0.0,1.0,0.0,0.0,12.286,7.0,7.794,0.0,0.058,0.0,0.0,0.241,0.265,0.265,2025,playoffs
84775078480035,Zadorov-Jokiharju,2025030116,BOS,BUF,HOME,2026-05-01,pairing,5on5,46.0,8.0,1.0,1.0,1.0,2.515,0.197,0.153,0.645,0.072,1.121,0.812,0.195,0.178,0.177,2.0,1.0,1.0,4.0,0.0,0.0,0.0,1.0,0.0,2.0,0.0,2.0,3.0,0.0,0.0,0.0,1.0,0.0,0.0,2.0,1.0,0.0,0.022,0.175,0.0,0.0,0.0,0.0,3.528,3.0,2.661,0.0,0.033,0.0,0.0,0.23,0.208,0.206,0.0,0.0,0.0,0.0,0.0,0.0,0.0,0.0,0.0,0.0,0.0,0.0,0.0,0.0,0.0,0.0,0.0,0.0,0.0,0.0,0.0,0.0,0.0,0.0,0.0,0.0,0.0,0.0,0.0,0.0,0.0,0.0,0.0,0.0,0.0,0.0,0.0,0.0,0.0,0.0,0.0,0.0,0.0,0.0,0.0,0.0,0.0,0.0,2025,playoffs
847840184799998482177,Mittelstadt-Zacha-Khusnutdinov,2025030116,BOS,BUF,HOME,2026-05-01,line,5on5,23.0,13.0,0.0,0.0,0.0,0.0,0.0,0.0,0.0,0.0,0.0,0.0,0.0,0.0,0.0,0.0,0.0,0.0,0.0,0.0,0.0,0.0,0.0,0.0,0.0,0.0,0.0,0.0,0.0,0.0,0.0,0.0,0.0,0.0,0.0,0.0,0.0,0.0,0.0,0.0,0.0,0.0,0.0,0.0,0.0,0.0,0.0,0.0,0.0,0.0,0.0,0.0,0.0,0.0,0.0,0.0,0.0,0.0,0.0,0.0,0.0,0.0,0.0,0.0,0.0,0.0,0.0,0.0,0.0,0.0,0.0,0.0,0.0,0.0,0.0,0.0,0.0,0.0,0.0,1.0,0.0,0.0,0.0,0.0,0.0,0.0,0.0,0.0,0.0,0.0,0.0,0.0,0.0,0.0,0.0,0.0,0.0,0.0,0.0,0.0,0.0,2025,playoffs
84793258480035,Mcavoy-Jokiharju,2025030116,BOS,BUF,HOME,2026-05-01,pairing,5on5,25.0,11.0,0.0,0.0,0.0,0.0,0.0,0.0,0.0,0.0,0.0,0.0,0.0,0.0,0.0,0.0,0.0,0.0,0.0,0.0,0.0,0.0,0.0,0.0,0.0,0.0,0.0,0.0,0.0,0.0,0.0,1.0,0.0,0.0,0.0,0.0,0.0,0.0,0.0,0.0,0.0,0.0,0.0,0.0,0.0,0.0,0.0,0.0,0.0,0.0,0.0,0.0,0.0,0.0,0.0,0.0,0.0,0.0,0.0,0.0,0.0,0.0,0.0,0.0,0.0,0.0,0.0,0.0,0.0,0.0,0.0,0.0,0.0,0.0,0.0,0.0,0.0,0.0,0.0,0.0,0.0,0.0,0.0,0.0,0.0,0.0,0.0,0.0,0.0,0.0,0.0,0.0,0.0,0.0,0.0,0.0,0.0,0.0,0.0,0.0,0.0,2025,playoffs
847959184799878483489,Eyssimont-Minten-Geekie,2025030116,BOS,BUF,HOME,2026-05-01,line,5on5,11.0,21.0,0.0,0.0,0.0,0.0,0.0,0.0,0.0,0.0,0.0,0.0,0.0,0.0,0.0,0.0,0.0,0.0,0.0,0.0,0.0,0.0,0.0,0.0,0.0,0.0,0.0,0.0,0.0,0.0,0.0,1.0,0.0,0.0,0.0,0.0,0.0,0.0,0.0,0.0,0.0,0.0,0.0,0.0,0.0,0.0,0.0,0.0,0.0,0.0,0.0,0.0,0.0,0.0,0.0,0.0,0.0,0.0,0.0,0.0,0.0,0.0,0.0,0.0,0.0,0.0,0.0,0.0,0.0,0.0,0.0,0.0,0.0,0.0,0.0,0.0,0.0,0.0,0.0,0.0,0.0,0.0,0.0,0.0,0.0,0.0,0.0,0.0,0.0,0.0,0.0,0.0,0.0,0.0,0.0,0.0,0.0,0.0,0.0,0.0,0.0,2025,playoffs
84775078479325,Zadorov-Mcavoy,2025030116,BOS,BUF,HOME,2026-05-01,pairing,5on5,243.0,5.0,0.6353,0.5714,0.5,2.413,0.486,0.146,0.564,0.068,1.034,0.701,0.439,0.447,0.403,1.0,2.0,1.0,4.0,0.0,1.0,0.0,0.0,0.0,0.0,2.0,1.0,3.0,0.0,0.0,1.0,2.0,1.0,3.0,1.0,1.0,1.0,0.012,0.144,0.33,0.0,0.0,0.0,3.627,3.0,2.72,1.0,0.032,0.33,0.33,0.188,0.173,0.171,2.518,0.279,0.188,0.41,0.054,1.011,1.058,0.279,0.306,0.306,1.0,2.0,0.0,3.0,0.0,0.0,0.0,0.0,0.0,1.0,2.0,1.0,3.0,0.0,0.0,2.0,2.0,0.0,0.0,1.0,2.0,0.0,0.01,0.269,0.0,0.0,0.0,0.0,3.309,3.0,3.301,0.0,0.04,0.0,0.0,0.319,0.35,0.35,2025,playoffs
84768548479369,Lindholm-Peeke,2025030116,BOS,BUF,HOME,2026-05-01,pairing,5on5,26.0,10.0,1.0,1.0,1.0,0.79,0.098,0.055,0.141,0.023,0.395,0.288,0.098,0.091,0.091,0.0,1.0,1.0,2.0,0.0,0.0,0.0,0.0,0.0,1.0,0.0,0.0,1.0,1.0,2.0,0.0,0.0,0.0,0.0,0.0,1.0,0.0,0.0,0.098,0.0,0.0,0.0,0.0,1.83,1.0,0.916,0.0,0.012,0.0,0.0,0.11,0.102,0.102,0.0,0.0,0.0,0.0,0.0,0.0,0.0,0.0,0.0,0.0,0.0,0.0,0.0,0.0,0.0,0.0,0.0,0.0,0.0,0.0,0.0,0.0,0.0,0.0,0.0,0.0,0.0,0.0,0.0,0.0,0.0,0.0,0.0,0.0,0.0,0.0,0.0,0.0,0.0,0.0,0.0,0.0,0.0,0.0,0.0,0.0,0.0,0.0,2025,playoffs
84793698481219,Aspirot-Peeke,2025030116,BOS,BUF,HOME,2026-05-01,pairing,5on5,76.0,7.0,0.0,0.0,0.0,0.0,0.0,0.0,0.0,0.0,0.0,0.0,0.0,0.0,0.0,0.0,0.0,0.0,0.0,0.0,0.0,0.0,0.0,0.0,0.0,0.0,0.0,0.0,0.0,0.0,0.0,1.0,0.0,2.0,0.0,0.0,0.0,0.0,0.0,0.0,0.0,0.0,0.0,0.0,0.0,0.0,1.0,0.0,0.0,0.0,0.0,0.0,0.0,0.776,0.007,0.027,0.267,0.027,0.396,0.275,0.007,0.008,0.008,1.0,0.0,0.0,1.0,0.0,0.0,0.0,1.0,0.0,0.0,0.0,1.0,1.0,0.0,0.0,0.0,1.0,0.0,0.0,1.0,0.0,0.0,0.007,0.0,0.0,0.0,0.0,0.0,1.154,1.0,1.146,0.0,0.005,0.0,0.0,0.012,0.014,0.014,2025,playoffs
847795684784018482634,Steeves-Zacha-Pastrnak,2025030116,BOS,BUF,HOME,2026-05-01,line,5on5,18.0,18.0,0.0,0.5,0.0,0.0,0.0,0.0,0.0,0.0,0.0,0.0,0.0,0.0,0.0,0.0,0.0,1.0,1.0,0.0,0.0,0.0,0.0,0.0,0.0,0.0,0.0,0.0,0.0,0.0,0.0,0.0,0.0,0.0,0.0,0.0,0.0,0.0,0.0,0.0,0.0,0.0,0.0,0.915,0.0,0.0,0.0,0.0,0.0,0.0,0.0,0.0,0.0,0.704,0.027,0.033,0.182,0.019,0.367,0.371,0.027,0.029,0.029,1.0,0.0,0.0,1.0,0.0,0.0,0.0,1.0,0.0,0.0,0.0,1.0,1.0,0.0,0.0,0.0,0.0,0.0,0.0,1.0,0.0,0.0,0.027,0.0,0.0,0.0,0.0,0.0,1.103,1.0,1.1,0.0,0.006,0.0,0.0,0.033,0.036,0.036,2025,playoffs
847637484796618480355,Jeannot-Kuraly-Kastelic,2025030116,BOS,BUF,HOME,2026-05-01,line,5on5,315.0,4.0,0.1842,0.25,0.1667,0.723,0.077,0.037,0.175,0.016,0.413,0.282,0.077,0.071,0.071,0.0,1.0,1.0,2.0,0.0,0.0,0.0,0.0,0.0,0.0,1.0,0.0,1.0,0.0,0.0,2.0,3.0,1.0,2.0,1.0,0.0,0.0,0.077,0.0,0.0,0.0,0.0,0.0,1.83,1.0,0.916,0.0,0.008,0.0,0.0,0.085,0.078,0.078,4.105,0.341,0.304,0.979,0.094,1.751,1.531,0.341,0.374,0.374,3.0,2.0,1.0,6.0,0.0,0.0,0.0,1.0,0.0,2.0,2.0,3.0,5.0,0.0,0.0,3.0,3.0,0.0,3.0,3.0,2.0,0.0,0.072,0.269,0.0,0.0,0.0,0.0,6.618,5.0,5.502,0.0,0.065,0.0,0.0,0.406,0.445,0.445,2025,playoffs
84768548480035,Lindholm-Jokiharju,2025030116,BOS,BUF,HOME,2026-05-01,pairing,5on5,719.0,2.0,0.4217,0.52,0.5333,5.54,0.299,0.316,1.356,0.18,3.405,2.444,0.299,0.275,0.274,6.0,2.0,5.0,13.0,1.0,0.0,0.0,1.0,0.0,4.0,2.0,5.0,7.0,0.0,0.0,6.0,10.0,1.0,4.0,7.0,1.0,0.0,0.189,0.11,0.0,0.0,1.0,0.0,11.763,8.0,7.243,1.0,0.063,0.0,0.0,0.362,0.332,0.332,5.224,0.41,0.396,1.182,0.169,2.751,2.092,0.408,0.445,0.443,4.0,3.0,5.0,12.0,0.0,0.0,0.0,2.0,0.0,2.0,3.0,4.0,7.0,0.0,0.0,5.0,5.0,0.0,6.0,5.0,2.0,0.0,0.152,0.258,0.0,0.0,0.0,0.0,13.471,7.0,7.815,0.0,0.083,0.0,0.0,0.493,0.535,0.533,2025,playoffs
847637484779568482177,Khusnutdinov-Kuraly-Pastrnak,2025030116,BOS,BUF,HOME,2026-05-01,line,5on5,19.0,17.0,0.0,0.0,0.0,0.0,0.0,0.0,0.0,0.0,0.0,0.0,0.0,0.0,0.0,0.0,0.0,0.0,0.0,0.0,0.0,0.0,0.0,0.0,0.0,0.0,0.0,0.0,0.0,0.0,0.0,0.0,0.0,0.0,0.0,0.0,0.0,0.0,0.0,0.0,0.0,0.0,0.0,0.0,0.0,0.0,0.0,0.0,0.0,0.0,0.0,0.0,0.0,0.0,0.0,0.0,0.0,0.0,0.0,0.0,0.0,0.0,0.0,0.0,0.0,0.0,0.0,0.0,0.0,0.0,0.0,0.0,0.0,0.0,0.0,0.0,0.0,0.0,0.0,0.0,0.0,2.0,0.0,0.0,0.0,0.0,0.0,0.0,0.0,0.0,0.0,0.0,0.0,0.0,1.0,0.0,0.0,0.0,0.0,0.0,0.0,2025,playoffs
847749684799878479999,Mittelstadt-Lindholm-Geekie,2025030116,BOS,BUF,HOME,2026-05-01,line,5on5,627.0,1.0,0.957,0.8667,0.9091,7.053,0.712,0.402,1.944,0.245,3.834,2.865,0.664,0.653,0.61,6.0,4.0,3.0,13.0,0.0,1.0,0.0,1.0,0.0,2.0,6.0,6.0,10.0,1.0,2.0,7.0,10.0,0.0,2.0,8.0,1.0,1.0,0.237,0.144,0.33,0.0,0.0,0.0,11.73,10.0,9.076,1.0,0.084,0.33,0.33,0.465,0.426,0.425,0.442,0.032,0.037,0.126,0.028,0.468,0.308,0.031,0.036,0.034,0.0,1.0,1.0,2.0,0.0,0.0,0.0,0.0,0.0,0.0,1.0,0.0,1.0,0.0,0.0,4.0,5.0,1.0,3.0,1.0,0.0,0.0,0.032,0.0,0.0,0.0,0.0,0.0,2.308,1.0,1.146,2.0,0.007,0.0,0.0,0.039,0.044,0.042,2025,playoffs
847998784826348483489,Steeves-Minten-Geekie,2025030116,BOS,BUF,HOME,2026-05-01,line,5on5,33.0,11.0,0.0,0.0,0.0,0.0,0.0,0.0,0.0,0.0,0.0,0.0,0.0,0.0,0.0,0.0,0.0,0.0,0.0,0.0,0.0,0.0,0.0,0.0,0.0,0.0,0.0,0.0,0.0,0.0,0.0,1.0,1.0,0.0,0.0,0.0,0.0,0.0,0.0,0.0,0.0,0.0,0.0,0.0,0.0,0.0,0.0,0.0,0.0,0.0,0.0,0.0,0.0,0.0,0.0,0.0,0.0,0.0,0.0,0.0,0.0,0.0,0.0,0.0,0.0,0.0,0.0,0.0,0.0,0.0,0.0,0.0,0.0,0.0,0.0,0.0,0.0,0.0,0.0,0.0,0.0,0.0,0.0,0.0,0.0,0.0,0.0,0.0,0.0,0.0,0.0,0.0,0.0,0.0,0.0,0.0,0.0,0.0,0.0,0.0,0.0,2025,playoffs
847749684799998482177,Mittelstadt-Lindholm-Khusnutdinov,2025030116,BOS,BUF,HOME,2026-05-01,line,5on5,114.0,6.0,0.0,0.5,0.0,0.0,0.0,0.0,0.0,0.0,0.0,0.0,0.0,0.0,0.0,0.0,0.0,1.0,1.0,0.0,0.0,0.0,0.0,0.0,0.0,0.0,0.0,0.0,0.0,0.0,0.0,0.0,0.0,0.0,0.0,0.0,0.0,0.0,0.0,0.0,0.0,0.0,0.0,0.882,0.0,0.0,0.0,0.0,0.0,0.0,0.0,0.0,0.0,0.758,0.032,0.032,0.196,0.022,0.347,0.371,0.032,0.035,0.035,1.0,0.0,0.0,1.0,0.0,0.0,0.0,0.0,0.0,0.0,1.0,1.0,1.0,0.0,0.0,1.0,0.0,0.0,0.0,1.0,0.0,0.0,0.032,0.0,0.0,0.0,0.0,0.0,1.154,1.0,1.146,0.0,0.006,0.0,0.0,0.038,0.042,0.042,2025,playoffs
847795684826348483489,Steeves-Minten-Pastrnak,2025030116,BOS,BUF,HOME,2026-05-01,line,5on5,21.0,16.0,0.0,0.0,0.0,0.0,0.0,0.0,0.0,0.0,0.0,0.0,0.0,0.0,0.0,0.0,0.0,0.0,0.0,0.0,0.0,0.0,0.0,0.0,0.0,0.0,0.0,0.0,0.0,0.0,0.0,1.0,0.0,0.0,0.0,0.0,0.0,0.0,0.0,0.0,0.0,0.0,0.0,0.0,0.0,0.0,0.0,0.0,0.0,0.0,0.0,0.0,0.0,0.0,0.0,0.0,0.0,0.0,0.0,0.0,0.0,0.0,0.0,0.0,0.0,0.0,0.0,0.0,0.0,0.0,0.0,0.0,0.0,0.0,0.0,0.0,0.0,0.0,0.0,0.0,0.0,0.0,0.0,0.0,0.0,0.0,0.0,0.0,0.0,0.0,0.0,0.0,0.0,0.0,0.0,0.0,0.0,0.0,0.0,0.0,0.0,2025,playoffs
847795684784018479987,Geekie-Zacha-Pastrnak,2025030116,BOS,BUF,HOME,2026-05-01,line,5on5,231.0,5.0,1.0,1.0,1.0,1.623,0.07,0.082,0.548,0.064,0.748,0.487,0.07,0.064,0.063,2.0,0.0,2.0,4.0,0.0,0.0,0.0,0.0,0.0,1.0,1.0,2.0,2.0,0.0,0.0,4.0,0.0,0.0,1.0,2.0,0.0,0.0,0.07,0.0,0.0,0.0,0.0,0.0,3.561,2.0,1.774,0.0,0.018,0.0,0.0,0.089,0.08,0.08,0.0,0.0,0.0,0.0,0.0,0.0,0.0,0.0,0.0,0.0,0.0,0.0,0.0,0.0,0.0,0.0,0.0,0.0,0.0,0.0,0.0,0.0,0.0,0.0,0.0,3.0,2.0,0.0,1.0,0.0,0.0,0.0,0.0,0.0,0.0,0.0,0.0,0.0,0.0,0.0,0.0,1.0,0.0,0.0,0.0,0.0,0.0,0.0,2025,playoffs
847637484779568479661,Jeannot-Kuraly-Pastrnak,2025030116,BOS,BUF,HOME,2026-05-01,line,5on5,17.0,19.0,0.0,0.0,0.0,0.0,0.0,0.0,0.0,0.0,0.0,0.0,0.0,0.0,0.0,0.0,0.0,0.0,0.0,0.0,0.0,0.0,0.0,0.0,0.0,0.0,0.0,0.0,0.0,0.0,0.0,0.0,0.0,1.0,0.0,0.0,0.0,0.0,0.0,0.0,0.0,0.0,0.0,0.0,0.0,0.0,0.0,0.0,0.0,0.0,0.0,0.0,0.0,0.0,0.0,0.0,0.0,0.0,0.0,0.0,0.0,0.0,0.0,0.0,0.0,0.0,0.0,0.0,0.0,0.0,0.0,0.0,0.0,0.0,0.0,0.0,0.0,0.0,0.0,0.0,0.0,0.0,0.0,0.0,0.0,0.0,0.0,0.0,0.0,0.0,0.0,0.0,0.0,0.0,0.0,0.0,0.0,0.0,0.0,0.0,0.0,2025,playoffs
84793698480035,Peeke-Jokiharju,2025030116,BOS,BUF,HOME,2026-05-01,pairing,5on5,25.0,12.0,1.0,1.0,1.0,0.763,0.007,0.008,0.078,0.026,0.271,0.61,0.007,0.006,0.006,1.0,0.0,0.0,1.0,0.0,0.0,0.0,0.0,0.0,0.0,1.0,1.0,1.0,0.0,0.0,0.0,0.0,0.0,0.0,1.0,0.0,0.0,0.007,0.0,0.0,0.0,0.0,0.0,0.882,1.0,0.887,0.0,0.002,0.0,0.0,0.008,0.008,0.008,0.0,0.0,0.0,0.0,0.0,0.0,0.0,0.0,0.0,0.0,0.0,0.0,0.0,0.0,0.0,0.0,0.0,0.0,0.0,0.0,0.0,0.0,0.0,0.0,0.0,0.0,0.0,0.0,0.0,0.0,0.0,0.0,0.0,0.0,0.0,0.0,0.0,0.0,0.0,0.0,0.0,0.0,0.0,0.0,0.0,0.0,0.0,0.0,2025,playoffs
847749684799998482634,Mittelstadt-Lindholm-Steeves,2025030116,BOS,BUF,HOME,2026-05-01,line,5on5,23.0,14.0,0.0,0.0,0.0,0.0,0.0,0.0,0.0,0.0,0.0,0.0,0.0,0.0,0.0,0.0,0.0,0.0,0.0,0.0,0.0,0.0,0.0,0.0,0.0,0.0,0.0,0.0,0.0,0.0,0.0,0.0,0.0,0.0,0.0,0.0,0.0,0.0,0.0,0.0,0.0,0.0,0.0,0.0,0.0,0.0,0.0,0.0,0.0,0.0,0.0,0.0,0.0,0.668,0.008,0.031,0.199,0.018,0.472,0.272,0.008,0.008,0.008,0.0,1.0,0.0,1.0,0.0,0.0,0.0,0.0,0.0,0.0,1.0,0.0,1.0,0.0,0.0,0.0,0.0,0.0,0.0,1.0,0.0,0.0,0.008,0.0,0.0,0.0,0.0,0.0,1.103,1.0,1.1,0.0,0.006,0.0,0.0,0.013,0.015,0.015,2025,playoffs
847966184826348483489,Jeannot-Minten-Steeves,2025030116,BOS,BUF,HOME,2026-05-01,line,5on5,36.0,10.0,0.0,0.0,0.0,0.0,0.0,0.0,0.0,0.0,0.0,0.0,0.0,0.0,0.0,0.0,0.0,0.0,0.0,0.0,0.0,0.0,0.0,0.0,0.0,0.0,0.0,0.0,0.0,0.0,0.0,0.0,0.0,0.0,0.0,0.0,0.0,0.0,0.0,0.0,0.0,0.0,0.0,0.0,0.0,0.0,0.0,0.0,0.0,0.0,0.0,0.0,0.0,0.0,0.0,0.0,0.0,0.0,0.0,0.0,0.0,0.0,0.0,0.0,0.0,1.0,1.0,0.0,0.0,0.0,0.0,0.0,0.0,0.0,0.0,0.0,0.0,0.0,0.0,0.0,0.0,0.0,0.0,0.0,0.0,0.0,0.0,0.0,0.0,0.0,0.0,1.154,0.0,0.0,0.0,0.0,0.0,0.0,0.0,0.0,0.0,2025,playoffs
84768548481219,Lindholm-Aspirot,2025030116,BOS,BUF,HOME,2026-05-01,pairing,5on5,112.0,6.0,0.0,0.0,0.0,0.0,0.0,0.0,0.0,0.0,0.0,0.0,0.0,0.0,0.0,0.0,0.0,0.0,0.0,0.0,0.0,0.0,0.0,0.0,0.0,0.0,0.0,0.0,0.0,0.0,0.0,0.0,0.0,0.0,0.0,0.0,0.0,0.0,0.0,0.0,0.0,0.0,0.0,0.0,0.0,0.0,0.0,0.0,0.0,0.0,0.0,0.0,0.0,0.783,0.043,0.075,0.108,0.019,0.469,0.285,0.043,0.047,0.047,1.0,0.0,0.0,1.0,0.0,0.0,0.0,0.0,0.0,1.0,0.0,1.0,1.0,0.0,0.0,0.0,1.0,0.0,0.0,1.0,0.0,0.0,0.043,0.0,0.0,0.0,0.0,0.0,1.103,1.0,1.1,0.0,0.015,0.0,0.0,0.058,0.064,0.064,2025,playoffs
847795684799878483489,Geekie-Minten-Pastrnak,2025030116,BOS,BUF,HOME,2026-05-01,line,5on5,27.0,12.0,1.0,1.0,1.0,0.763,0.007,0.008,0.078,0.026,0.271,0.61,0.007,0.006,0.006,1.0,0.0,0.0,1.0,0.0,0.0,0.0,0.0,0.0,0.0,1.0,1.0,1.0,0.0,0.0,0.0,0.0,0.0,0.0,1.0,0.0,0.0,0.007,0.0,0.0,0.0,0.0,0.0,0.882,1.0,0.887,0.0,0.002,0.0,0.0,0.008,0.008,0.008,0.0,0.0,0.0,0.0,0.0,0.0,0.0,0.0,0.0,0.0,0.0,0.0,0.0,0.0,0.0,0.0,0.0,0.0,0.0,0.0,0.0,0.0,0.0,0.0,0.0,0.0,1.0,0.0,0.0,0.0,0.0,0.0,0.0,0.0,0.0,0.0,0.0,0.0,0.0,0.0,0.0,0.0,0.0,0.0,0.0,0.0,0.0,0.0,2025,playoffs
847795684784018479999,Mittelstadt-Zacha-Pastrnak,2025030116,BOS,BUF,HOME,2026-05-01,line,5on5,51.0,7.0,0.0,0.0,0.0,0.0,0.0,0.0,0.0,0.0,0.0,0.0,0.0,0.0,0.0,0.0,0.0,0.0,0.0,0.0,0.0,0.0,0.0,0.0,0.0,0.0,0.0,0.0,0.0,0.0,0.0,1.0,0.0,0.0,0.0,0.0,0.0,0.0,0.0,0.0,0.0,0.0,0.0,0.0,0.0,0.0,0.0,0.0,0.0,0.0,0.0,0.0,0.0,0.0,0.0,0.0,0.0,0.0,0.0,0.0,0.0,0.0,0.0,0.0,0.0,1.0,1.0,0.0,0.0,0.0,0.0,0.0,0.0,0.0,0.0,0.0,0.0,0.0,2.0,0.0,0.0,0.0,0.0,0.0,0.0,0.0,0.0,0.0,0.0,0.0,0.0,1.103,0.0,0.0,0.0,0.0,0.0,0.0,0.0,0.0,0.0,2025,playoffs
84768548479325,Lindholm-Mcavoy,2025030116,BOS,BUF,HOME,2026-05-01,pairing,5on5,331.0,4.0,0.4883,0.7273,0.625,3.764,0.272,0.196,1.09,0.12,1.977,1.345,0.246,0.251,0.226,4.0,1.0,3.0,8.0,0.0,0.0,0.0,0.0,0.0,4.0,1.0,4.0,5.0,0.0,0.0,4.0,8.0,0.0,1.0,4.0,1.0,0.0,0.123,0.15,0.0,0.0,0.0,0.0,7.32,5.0,4.582,0.0,0.042,0.0,0.0,0.315,0.29,0.262,2.33,0.285,0.161,0.55,0.072,1.166,0.766,0.285,0.316,0.316,3.0,0.0,0.0,3.0,1.0,0.0,0.0,1.0,0.0,1.0,0.0,2.0,2.0,0.0,0.0,3.0,3.0,0.0,4.0,1.0,2.0,0.0,0.029,0.257,0.0,0.0,1.0,0.0,3.36,3.0,3.347,4.0,0.035,0.0,0.0,0.32,0.355,0.355,2025,playoffs
84793258481219,Aspirot-Mcavoy,2025030116,BOS,BUF,HOME,2026-05-01,pairing,5on5,681.0,3.0,0.4554,0.7333,0.6667,5.755,0.322,0.376,1.609,0.197,3.326,2.171,0.322,0.295,0.294,4.0,4.0,3.0,11.0,0.0,0.0,0.0,0.0,0.0,2.0,6.0,4.0,8.0,2.0,4.0,6.0,6.0,0.0,0.0,7.0,1.0,0.0,0.227,0.096,0.0,0.0,0.0,0.0,9.922,8.0,7.214,0.0,0.078,0.0,0.0,0.4,0.366,0.365,2.98,0.385,0.18,0.775,0.102,1.442,1.117,0.382,0.424,0.42,3.0,1.0,0.0,4.0,1.0,0.0,0.0,0.0,0.0,2.0,1.0,2.0,3.0,0.0,0.0,5.0,7.0,1.0,5.0,3.0,0.0,1.0,0.123,0.0,0.262,0.0,0.0,1.0,4.514,4.0,4.493,2.0,0.039,0.0,0.0,0.423,0.466,0.462,2025,playoffs
847959184826348483489,Steeves-Minten-Eyssimont,2025030116,BOS,BUF,HOME,2026-05-01,line,5on5,532.0,3.0,0.5184,0.4375,0.5556,4.043,0.395,0.177,0.966,0.122,1.812,1.528,0.39,0.364,0.359,5.0,0.0,2.0,7.0,0.0,1.0,0.0,1.0,0.0,3.0,0.0,5.0,5.0,0.0,0.0,5.0,8.0,0.0,3.0,4.0,0.0,1.0,0.038,0.0,0.357,0.0,0.0,0.0,6.372,5.0,4.553,1.0,0.038,0.357,0.357,0.076,0.07,0.069,3.41,0.367,0.333,0.577,0.083,1.536,1.104,0.367,0.397,0.397,2.0,2.0,5.0,9.0,0.0,0.0,0.0,1.0,0.0,1.0,2.0,2.0,4.0,0.0,0.0,4.0,7.0,0.0,2.0,2.0,2.0,0.0,0.109,0.258,0.0,0.0,0.0,0.0,9.958,4.0,4.377,0.0,0.072,0.0,0.0,0.438,0.474,0.474,2025,playoffs
847959184799998483489,Mittelstadt-Minten-Eyssimont,2025030116,BOS,BUF,HOME,2026-05-01,line,5on5,45.0,9.0,0.0,0.0,0.0,0.0,0.0,0.0,0.0,0.0,0.0,0.0,0.0,0.0,0.0,0.0,0.0,0.0,0.0,0.0,0.0,0.0,0.0,0.0,0.0,0.0,0.0,0.0,0.0,0.0,0.0,1.0,0.0,0.0,0.0,0.0,0.0,0.0,0.0,0.0,0.0,0.0,0.0,0.0,0.0,0.0,0.0,0.0,0.0,0.0,0.0,0.0,0.0,1.511,0.115,0.103,0.322,0.048,0.831,0.581,0.115,0.126,0.126,2.0,0.0,0.0,2.0,0.0,0.0,0.0,1.0,0.0,1.0,0.0,2.0,2.0,0.0,0.0,0.0,0.0,1.0,0.0,1.0,1.0,0.0,0.021,0.094,0.0,0.0,0.0,0.0,2.206,2.0,2.201,0.0,0.022,0.0,0.0,0.137,0.15,0.15,2025,playoffs
847840184799878482175,Geekie-Zacha-Peterka,2026020003,BOS,NYR,HOME,2026-09-29,line,5on5,21.0,16.0,0.0,1.0,0.0,0.0,0.0,0.0,0.0,0.0,0.0,0.0,0.0,0.0,0.0,0.0,0.0,1.0,1.0,0.0,0.0,0.0,0.0,0.0,0.0,0.0,0.0,0.0,0.0,0.0,0.0,0.0,0.0,0.0,0.0,0.0,0.0,0.0,0.0,0.0,0.0,0.0,0.0,0.97,0.0,0.0,0.0,0.0,0.0,0.0,0.0,0.0,0.0,0.0,0.0,0.0,0.0,0.0,0.0,0.0,0.0,0.0,0.0,0.0,0.0,0.0,0.0,0.0,0.0,0.0,0.0,0.0,0.0,0.0,0.0,0.0,0.0,0.0,0.0,0.0,0.0,0.0,0.0,0.0,0.0,0.0,0.0,0.0,0.0,0.0,0.0,0.0,0.0,0.0,0.0,0.0,0.0,0.0,0.0,0.0,0.0,2026,regular
84773658477507,Zadorov-Clifton,2026020003,BOS,NYR,HOME,2026-09-29,pairing,5on5,1219.0,1.0,0.4878,0.5333,0.55,7.995,0.618,0.942,1.421,0.024,3.618,4.378,0.6,0.596,0.579,7.0,4.0,5.0,16.0,0.0,1.0,0.0,2.0,0.0,1.0,7.0,7.0,11.0,1.0,2.0,10.0,25.0,3.0,2.0,8.0,3.0,0.0,0.269,0.349,0.0,0.0,0.0,0.0,16.168,11.0,10.92,0.0,0.193,0.031,0.031,0.78,0.755,0.736,7.518,0.649,0.96,1.135,0.016,3.174,3.065,0.634,0.68,0.666,8.0,1.0,5.0,14.0,0.0,2.0,0.0,3.0,0.0,2.0,2.0,8.0,9.0,0.0,0.0,6.0,7.0,2.0,5.0,7.0,2.0,0.0,0.381,0.268,0.0,0.0,0.0,0.0,14.448,9.0,9.274,2.0,0.208,0.116,0.116,0.741,0.778,0.765,2026,regular
84768548481219,Lindholm-Aspirot,2026020003,BOS,NYR,HOME,2026-09-29,pairing,5on5,12.0,7.0,1.0,1.0,1.0,0.789,0.032,0.086,0.063,0.003,0.391,0.424,0.032,0.03,0.03,0.0,1.0,1.0,2.0,0.0,0.0,0.0,0.0,0.0,0.0,1.0,0.0,1.0,0.0,0.0,0.0,0.0,0.0,0.0,1.0,0.0,0.0,0.032,0.0,0.0,0.0,0.0,0.0,1.94,1.0,0.971,0.0,0.018,0.0,0.0,0.05,0.047,0.047,0.0,0.0,0.0,0.0,0.0,0.0,0.0,0.0,0.0,0.0,0.0,0.0,0.0,0.0,0.0,0.0,0.0,0.0,0.0,0.0,0.0,0.0,0.0,0.0,0.0,0.0,0.0,0.0,0.0,0.0,0.0,0.0,0.0,0.0,0.0,0.0,0.0,0.0,0.0,0.0,0.0,0.0,0.0,0.0,0.0,0.0,0.0,0.0,2026,regular
847637484779568479661,Jeannot-Kuraly-Pastrnak,2026020003,BOS,NYR,HOME,2026-09-29,line,5on5,44.0,8.0,1.0,1.0,1.0,0.688,0.083,0.071,0.107,0.003,0.35,0.385,0.083,0.079,0.079,0.0,1.0,0.0,1.0,0.0,0.0,0.0,0.0,0.0,0.0,1.0,0.0,1.0,0.0,0.0,0.0,1.0,0.0,0.0,0.0,1.0,0.0,0.0,0.083,0.0,0.0,0.0,0.0,0.97,1.0,0.971,0.0,0.015,0.0,0.0,0.098,0.094,0.094,0.0,0.0,0.0,0.0,0.0,0.0,0.0,0.0,0.0,0.0,0.0,0.0,0.0,0.0,0.0,0.0,0.0,0.0,0.0,0.0,0.0,0.0,0.0,0.0,0.0,0.0,1.0,0.0,0.0,0.0,0.0,0.0,0.0,0.0,0.0,0.0,0.0,0.0,0.0,0.0,0.0,0.0,0.0,0.0,0.0,0.0,0.0,0.0,2026,regular
847637484821778485395,Khusnutdinov-Kuraly-Hagens,2026020003,BOS,NYR,HOME,2026-09-29,line,5on5,59.0,6.0,0.0,0.0,0.0,0.0,0.0,0.0,0.0,0.0,0.0,0.0,0.0,0.0,0.0,0.0,0.0,0.0,0.0,0.0,0.0,0.0,0.0,0.0,0.0,0.0,0.0,0.0,0.0,0.0,0.0,0.0,0.0,2.0,0.0,0.0,0.0,0.0,0.0,0.0,0.0,0.0,0.0,0.0,0.0,0.0,1.0,0.0,0.0,0.0,0.0,0.0,0.0,0.0,0.0,0.0,0.0,0.0,0.0,0.0,0.0,0.0,0.0,0.0,0.0,1.0,1.0,0.0,0.0,0.0,0.0,0.0,0.0,0.0,0.0,0.0,0.0,0.0,0.0,0.0,0.0,1.0,0.0,0.0,0.0,0.0,0.0,0.0,0.0,0.0,0.0,1.032,0.0,0.0,0.0,0.0,0.0,0.0,0.0,0.0,0.0,2026,regular
847840184799878479999,Mittelstadt-Zacha-Geekie,2026020003,BOS,NYR,HOME,2026-09-29,line,5on5,710.0,2.0,0.5821,0.5,0.5263,7.401,0.769,0.791,1.297,0.021,3.576,3.547,0.739,0.734,0.706,6.0,4.0,0.0,10.0,0.0,0.0,0.0,1.0,0.0,4.0,5.0,6.0,10.0,0.0,0.0,9.0,11.0,1.0,0.0,5.0,5.0,0.0,0.198,0.571,0.0,0.0,0.0,0.0,9.7,10.0,9.712,0.0,0.166,0.0,0.0,0.935,0.893,0.858,6.871,0.552,0.686,1.283,0.018,3.131,3.331,0.529,0.579,0.555,6.0,3.0,1.0,10.0,0.0,0.0,0.0,3.0,0.0,4.0,2.0,6.0,9.0,1.0,2.0,8.0,4.0,1.0,4.0,6.0,3.0,0.0,0.159,0.393,0.0,0.0,0.0,0.0,10.32,9.0,9.274,3.0,0.141,0.0,0.0,0.692,0.727,0.694,2026,regular
847795684821758483489,Pastrnak-Minten-Peterka,2026020003,BOS,NYR,HOME,2026-09-29,line,5on5,79.0,5.0,0.9252,0.75,0.5,0.764,0.136,0.063,0.123,0.001,0.258,0.419,0.136,0.13,0.13,0.0,1.0,2.0,3.0,0.0,0.0,0.0,0.0,0.0,0.0,1.0,0.0,1.0,0.0,0.0,0.0,0.0,0.0,0.0,0.0,1.0,0.0,0.0,0.136,0.0,0.0,0.0,0.0,2.91,1.0,0.971,0.0,0.013,0.0,0.0,0.149,0.142,0.142,0.731,0.011,0.08,0.074,0.002,0.462,0.371,0.011,0.011,0.011,1.0,0.0,0.0,1.0,0.0,0.0,0.0,1.0,0.0,0.0,0.0,1.0,1.0,0.0,0.0,1.0,0.0,0.0,0.0,1.0,0.0,0.0,0.011,0.0,0.0,0.0,0.0,0.0,1.032,1.0,1.03,0.0,0.019,0.0,0.0,0.03,0.032,0.032,2026,regular
847749684799878479999,Mittelstadt-Lindholm-Geekie,2026020003,BOS,NYR,HOME,2026-09-29,line,5on5,43.0,9.0,1.0,0.5,1.0,0.755,0.076,0.078,0.105,0.003,0.351,0.387,0.076,0.073,0.073,1.0,0.0,0.0,1.0,0.0,0.0,0.0,0.0,0.0,0.0,1.0,1.0,1.0,0.0,0.0,0.0,1.0,0.0,0.0,1.0,0.0,0.0,0.076,0.0,0.0,0.0,0.0,0.0,0.97,1.0,0.971,0.0,0.016,0.0,0.0,0.092,0.088,0.088,0.0,0.0,0.0,0.0,0.0,0.0,0.0,0.0,0.0,0.0,0.0,0.0,1.0,1.0,0.0,0.0,0.0,0.0,0.0,0.0,0.0,0.0,0.0,0.0,0.0,0.0,1.0,0.0,0.0,0.0,0.0,0.0,0.0,0.0,0.0,0.0,0.0,0.0,1.032,0.0,0.0,0.0,0.0,0.0,0.0,0.0,0.0,0.0,2026,regular
84773658482511,Lohrei-Clifton,2026020003,BOS,NYR,HOME,2026-09-29,pairing,5on5,64.0,4.0,1.0,1.0,1.0,1.378,0.054,0.107,0.345,0.001,0.544,0.949,0.053,0.051,0.051,1.0,1.0,0.0,2.0,0.0,0.0,0.0,0.0,0.0,2.0,0.0,1.0,2.0,0.0,0.0,0.0,0.0,1.0,0.0,2.0,0.0,0.0,0.054,0.0,0.0,0.0,0.0,0.0,1.94,2.0,1.942,0.0,0.02,0.0,0.0,0.074,0.071,0.07,0.0,0.0,0.0,0.0,0.0,0.0,0.0,0.0,0.0,0.0,0.0,0.0,0.0,0.0,0.0,0.0,0.0,0.0,0.0,0.0,0.0,0.0,0.0,0.0,0.0,0.0,1.0,0.0,0.0,0.0,0.0,0.0,0.0,0.0,0.0,0.0,0.0,0.0,0.0,0.0,0.0,0.0,0.0,0.0,0.0,0.0,0.0,0.0,2026,regular
847840184799878485395,Geekie-Zacha-Hagens,2026020003,BOS,NYR,HOME,2026-09-29,line,5on5,49.0,7.0,0.0,0.0,0.0,0.0,0.0,0.0,0.0,0.0,0.0,0.0,0.0,0.0,0.0,0.0,0.0,0.0,0.0,0.0,0.0,0.0,0.0,0.0,0.0,0.0,0.0,0.0,0.0,0.0,0.0,0.0,0.0,0.0,0.0,0.0,0.0,0.0,0.0,0.0,0.0,0.0,0.0,0.0,0.0,0.0,0.0,0.0,0.0,0.0,0.0,0.0,0.0,0.738,0.038,0.059,0.177,0.002,0.382,0.342,0.038,0.039,0.039,1.0,0.0,1.0,2.0,0.0,0.0,0.0,1.0,0.0,0.0,0.0,1.0,1.0,0.0,0.0,0.0,0.0,1.0,0.0,1.0,0.0,0.0,0.038,0.0,0.0,0.0,0.0,0.0,2.064,1.0,1.03,0.0,0.012,0.0,0.0,0.049,0.052,0.052,2026,regular
847637484796618480355,Jeannot-Kuraly-Kastelic,2026020003,BOS,NYR,HOME,2026-09-29,line,5on5,644.0,3.0,0.5271,0.3333,0.4545,3.553,0.331,0.325,0.744,0.005,1.475,2.12,0.331,0.316,0.316,2.0,3.0,1.0,6.0,0.0,0.0,0.0,1.0,0.0,3.0,1.0,2.0,5.0,0.0,0.0,6.0,9.0,1.0,2.0,3.0,2.0,0.0,0.068,0.263,0.0,0.0,0.0,0.0,5.82,5.0,4.856,1.0,0.065,0.0,0.0,0.396,0.378,0.378,4.472,0.297,0.541,0.878,0.011,2.19,2.084,0.275,0.311,0.288,5.0,1.0,6.0,12.0,0.0,1.0,0.0,2.0,0.0,3.0,0.0,5.0,6.0,0.0,0.0,2.0,15.0,1.0,2.0,6.0,0.0,0.0,0.297,0.0,0.0,0.0,0.0,0.0,12.384,6.0,6.183,0.0,0.116,0.033,0.033,0.379,0.398,0.367,2026,regular
84768548477365,Lindholm-Clifton,2026020003,BOS,NYR,HOME,2026-09-29,pairing,5on5,15.0,6.0,1.0,1.0,1.0,0.709,0.082,0.07,0.192,0.001,0.264,0.39,0.082,0.078,0.078,0.0,1.0,0.0,1.0,0.0,0.0,0.0,0.0,0.0,0.0,1.0,0.0,1.0,0.0,0.0,0.0,0.0,0.0,0.0,0.0,1.0,0.0,0.0,0.082,0.0,0.0,0.0,0.0,0.97,1.0,0.971,0.0,0.014,0.0,0.0,0.096,0.091,0.091,0.0,0.0,0.0,0.0,0.0,0.0,0.0,0.0,0.0,0.0,0.0,0.0,0.0,0.0,0.0,0.0,0.0,0.0,0.0,0.0,0.0,0.0,0.0,0.0,0.0,0.0,0.0,0.0,0.0,0.0,0.0,0.0,0.0,0.0,0.0,0.0,0.0,0.0,0.0,0.0,0.0,0.0,0.0,0.0,0.0,0.0,0.0,0.0,2026,regular
84768548477507,Zadorov-Lindholm,2026020003,BOS,NYR,HOME,2026-09-29,pairing,5on5,11.0,8.0,1.0,1.0,1.0,1.563,0.121,0.174,0.286,0.002,0.513,0.904,0.121,0.116,0.116,1.0,1.0,0.0,2.0,0.0,0.0,0.0,1.0,0.0,1.0,0.0,1.0,2.0,0.0,0.0,0.0,0.0,0.0,0.0,1.0,1.0,0.0,0.014,0.107,0.0,0.0,0.0,0.0,1.94,2.0,1.942,0.0,0.037,0.0,0.0,0.158,0.151,0.151,0.0,0.0,0.0,0.0,0.0,0.0,0.0,0.0,0.0,0.0,0.0,0.0,0.0,0.0,0.0,0.0,0.0,0.0,0.0,0.0,0.0,0.0,0.0,0.0,0.0,0.0,0.0,0.0,0.0,0.0,0.0,0.0,0.0,0.0,0.0,0.0,0.0,0.0,0.0,0.0,0.0,0.0,0.0,0.0,0.0,0.0,0.0,0.0,2026,regular
847637484796618479987,Jeannot-Kuraly-Geekie,2026020003,BOS,NYR,HOME,2026-09-29,line,5on5,25.0,15.0,0.0,0.0,0.0,0.0,0.0,0.0,0.0,0.0,0.0,0.0,0.0,0.0,0.0,0.0,0.0,0.0,0.0,0.0,0.0,0.0,0.0,0.0,0.0,0.0,0.0,0.0,0.0,0.0,0.0,0.0,0.0,0.0,0.0,0.0,0.0,0.0,0.0,0.0,0.0,0.0,0.0,0.0,0.0,0.0,0.0,0.0,0.0,0.0,0.0,0.0,0.0,0.0,0.0,0.0,0.0,0.0,0.0,0.0,0.0,0.0,0.0,0.0,0.0,0.0,0.0,0.0,0.0,0.0,0.0,0.0,0.0,0.0,0.0,0.0,0.0,0.0,0.0,1.0,0.0,0.0,0.0,0.0,0.0,0.0,0.0,0.0,0.0,0.0,0.0,0.0,0.0,0.0,0.0,0.0,0.0,0.0,0.0,0.0,0.0,2026,regular
84773658478840,Clifton-Borgen,2026020003,BOS,NYR,HOME,2026-09-29,pairing,5on5,27.0,5.0,0.0,0.0,0.0,0.0,0.0,0.0,0.0,0.0,0.0,0.0,0.0,0.0,0.0,0.0,0.0,0.0,0.0,0.0,0.0,0.0,0.0,0.0,0.0,0.0,0.0,0.0,0.0,0.0,0.0,0.0,0.0,0.0,0.0,0.0,0.0,0.0,0.0,0.0,0.0,0.0,0.0,0.0,0.0,0.0,0.0,0.0,0.0,0.0,0.0,0.0,0.0,0.0,0.0,0.0,0.0,0.0,0.0,0.0,0.0,0.0,0.0,0.0,0.0,0.0,0.0,0.0,0.0,0.0,0.0,0.0,0.0,0.0,0.0,0.0,0.0,0.0,0.0,1.0,1.0,0.0,0.0,0.0,0.0,0.0,0.0,0.0,0.0,0.0,0.0,0.0,0.0,0.0,0.0,0.0,0.0,0.0,0.0,0.0,0.0,2026,regular
848217584821778483489,Khusnutdinov-Minten-Peterka,2026020003,BOS,NYR,HOME,2026-09-29,line,5on5,32.0,12.0,0.0,0.0,0.0,0.0,0.0,0.0,0.0,0.0,0.0,0.0,0.0,0.0,0.0,0.0,0.0,0.0,0.0,0.0,0.0,0.0,0.0,0.0,0.0,0.0,0.0,0.0,0.0,0.0,0.0,0.0,0.0,0.0,0.0,0.0,0.0,0.0,0.0,0.0,0.0,0.0,0.0,0.0,0.0,0.0,0.0,0.0,0.0,0.0,0.0,0.0,0.0,0.0,0.0,0.0,0.0,0.0,0.0,0.0,0.0,0.0,0.0,0.0,0.0,0.0,0.0,0.0,0.0,0.0,0.0,0.0,0.0,0.0,0.0,0.0,0.0,0.0,0.0,0.0,0.0,1.0,0.0,0.0,0.0,0.0,0.0,0.0,0.0,0.0,0.0,0.0,0.0,0.0,0.0,0.0,0.0,0.0,0.0,0.0,0.0,2026,regular
848035584821778483489,Khusnutdinov-Minten-Kastelic,2026020003,BOS,NYR,HOME,2026-09-29,line,5on5,32.0,11.0,1.0,1.0,1.0,0.66,0.095,0.067,0.148,0.002,0.351,0.337,0.095,0.095,0.095,1.0,0.0,0.0,1.0,1.0,0.0,0.0,0.0,0.0,0.0,0.0,0.0,0.0,0.0,0.0,2.0,0.0,0.0,1.0,0.0,1.0,0.0,0.0,0.095,0.0,0.0,1.0,0.0,1.026,1.0,1.038,0.0,0.013,0.0,0.0,0.108,0.108,0.108,0.0,0.0,0.0,0.0,0.0,0.0,0.0,0.0,0.0,0.0,0.0,0.0,0.0,0.0,0.0,0.0,0.0,0.0,0.0,0.0,0.0,0.0,0.0,0.0,0.0,0.0,1.0,0.0,1.0,0.0,0.0,0.0,0.0,0.0,0.0,0.0,0.0,0.0,0.0,0.0,0.0,1.0,0.0,0.0,0.0,0.0,0.0,0.0,2026,regular
847998784834898485395,Geekie-Minten-Hagens,2026020003,BOS,NYR,HOME,2026-09-29,line,5on5,33.0,10.0,0.0,0.0,0.0,0.0,0.0,0.0,0.0,0.0,0.0,0.0,0.0,0.0,0.0,0.0,0.0,0.0,0.0,0.0,0.0,0.0,0.0,0.0,0.0,0.0,0.0,0.0,0.0,0.0,0.0,0.0,0.0,0.0,0.0,0.0,0.0,0.0,0.0,0.0,0.0,0.0,0.0,0.0,0.0,0.0,0.0,0.0,0.0,0.0,0.0,0.0,0.0,0.0,0.0,0.0,0.0,0.0,0.0,0.0,0.0,0.0,0.0,0.0,0.0,0.0,0.0,0.0,0.0,0.0,0.0,0.0,0.0,0.0,0.0,0.0,0.0,0.0,0.0,1.0,0.0,0.0,0.0,0.0,0.0,0.0,0.0,0.0,0.0,0.0,0.0,0.0,0.0,0.0,0.0,0.0,0.0,0.0,0.0,0.0,0.0,2026,regular
84768548478840,Lindholm-Borgen,2026020003,BOS,NYR,HOME,2026-09-29,pairing,5on5,973.0,2.0,0.6373,0.52,0.55,8.075,0.947,0.842,1.129,0.025,4.155,3.903,0.937,0.913,0.904,6.0,5.0,2.0,13.0,1.0,1.0,0.0,1.0,0.0,3.0,5.0,5.0,10.0,0.0,0.0,11.0,9.0,0.0,3.0,6.0,5.0,0.0,0.332,0.615,0.0,0.0,1.0,0.0,12.714,11.0,10.762,2.0,0.179,0.055,0.055,1.07,1.032,1.021,6.532,0.539,0.659,1.256,0.017,3.339,3.191,0.505,0.566,0.53,5.0,4.0,3.0,12.0,0.0,0.0,0.0,1.0,0.0,7.0,1.0,5.0,9.0,1.0,2.0,10.0,14.0,0.0,5.0,6.0,3.0,0.0,0.221,0.318,0.0,0.0,0.0,0.0,12.384,9.0,9.274,0.0,0.136,0.0,0.0,0.675,0.709,0.662,2026,regular
84812198482511,Lohrei-Aspirot,2026020003,BOS,NYR,HOME,2026-09-29,pairing,5on5,962.0,3.0,0.4883,0.4706,0.4762,7.118,0.711,0.713,1.322,0.024,3.515,3.714,0.707,0.684,0.679,6.0,4.0,6.0,16.0,1.0,0.0,0.0,1.0,0.0,5.0,3.0,5.0,9.0,0.0,0.0,3.0,2.0,0.0,5.0,6.0,4.0,0.0,0.246,0.465,0.0,0.0,1.0,0.0,15.576,10.0,9.779,3.0,0.144,0.0,0.0,0.855,0.822,0.816,8.408,0.745,1.05,1.44,0.024,3.887,3.855,0.725,0.781,0.761,9.0,2.0,7.0,18.0,0.0,1.0,0.0,4.0,0.0,2.0,4.0,9.0,11.0,0.0,0.0,7.0,12.0,0.0,8.0,8.0,2.0,1.0,0.266,0.267,0.211,0.0,0.0,0.0,18.576,11.0,11.335,3.0,0.225,0.033,0.033,0.937,0.983,0.955,2026,regular
847637484796618485395,Jeannot-Kuraly-Hagens,2026020003,BOS,NYR,HOME,2026-09-29,line,5on5,15.0,17.0,0.0,0.0,0.0,0.0,0.0,0.0,0.0,0.0,0.0,0.0,0.0,0.0,0.0,0.0,0.0,0.0,0.0,0.0,0.0,0.0,0.0,0.0,0.0,0.0,0.0,0.0,0.0,0.0,0.0,0.0,0.0,0.0,0.0,0.0,0.0,0.0,0.0,0.0,0.0,0.0,0.0,0.0,0.0,0.0,0.0,0.0,0.0,0.0,0.0,0.0,0.0,0.0,0.0,0.0,0.0,0.0,0.0,0.0,0.0,0.0,0.0,0.0,0.0,0.0,0.0,0.0,0.0,0.0,0.0,0.0,0.0,0.0,0.0,0.0,0.0,0.0,1.0,0.0,0.0,0.0,0.0,0.0,0.0,0.0,0.0,0.0,0.0,0.0,0.0,0.0,0.0,0.0,0.0,0.0,0.0,0.0,0.0,0.0,0.0,2026,regular
847637484796618482177,Jeannot-Kuraly-Khusnutdinov,2026020003,BOS,NYR,HOME,2026-09-29,line,5on5,26.0,14.0,1.0,1.0,1.0,1.417,0.1,0.217,0.121,0.004,0.511,1.047,0.1,0.098,0.098,1.0,1.0,0.0,2.0,0.0,0.0,0.0,0.0,0.0,0.0,2.0,1.0,2.0,0.0,0.0,0.0,0.0,0.0,0.0,2.0,0.0,0.0,0.1,0.0,0.0,0.0,0.0,0.0,2.102,2.0,2.022,0.0,0.045,0.0,0.0,0.145,0.143,0.143,0.0,0.0,0.0,0.0,0.0,0.0,0.0,0.0,0.0,0.0,0.0,0.0,0.0,0.0,0.0,0.0,0.0,0.0,0.0,0.0,0.0,0.0,0.0,0.0,0.0,0.0,0.0,0.0,0.0,0.0,0.0,0.0,0.0,0.0,0.0,0.0,0.0,0.0,0.0,0.0,0.0,0.0,0.0,0.0,0.0,0.0,0.0,0.0,2026,regular
847749684779568482175,Peterka-Lindholm-Pastrnak,2026020003,BOS,NYR,HOME,2026-09-29,line,5on5,743.0,1.0,0.5767,0.5652,0.625,7.28,0.613,0.763,1.032,0.024,3.715,3.853,0.611,0.594,0.592,6.0,4.0,3.0,13.0,1.0,1.0,0.0,3.0,0.0,1.0,4.0,5.0,9.0,1.0,2.0,7.0,5.0,0.0,4.0,8.0,2.0,0.0,0.373,0.24,0.0,0.0,1.0,0.0,12.714,10.0,9.791,2.0,0.158,0.055,0.055,0.716,0.693,0.693,4.304,0.45,0.516,0.655,0.016,2.314,2.049,0.439,0.472,0.461,4.0,2.0,4.0,10.0,0.0,0.0,0.0,0.0,0.0,3.0,3.0,4.0,6.0,0.0,0.0,6.0,5.0,0.0,3.0,4.0,2.0,0.0,0.25,0.2,0.0,0.0,0.0,0.0,10.32,6.0,6.183,0.0,0.111,0.0,0.0,0.561,0.588,0.574,2026,regular
847966184803558483489,Jeannot-Minten-Kastelic,2026020003,BOS,NYR,HOME,2026-09-29,line,5on5,15.0,18.0,0.0,0.0,0.0,0.0,0.0,0.0,0.0,0.0,0.0,0.0,0.0,0.0,0.0,0.0,0.0,0.0,0.0,0.0,0.0,0.0,0.0,0.0,0.0,0.0,0.0,0.0,0.0,0.0,0.0,2.0,0.0,0.0,0.0,0.0,0.0,0.0,0.0,0.0,0.0,0.0,0.0,0.0,0.0,0.0,0.0,0.0,0.0,0.0,0.0,0.0,0.0,0.0,0.0,0.0,0.0,0.0,0.0,0.0,0.0,0.0,0.0,0.0,0.0,0.0,0.0,0.0,0.0,0.0,0.0,0.0,0.0,0.0,0.0,0.0,0.0,0.0,0.0,0.0,0.0,0.0,0.0,0.0,0.0,0.0,0.0,0.0,0.0,0.0,0.0,0.0,0.0,0.0,0.0,0.0,0.0,0.0,0.0,0.0,0.0,2026,regular
848217584834898485395,Hagens-Minten-Peterka,2026020003,BOS,NYR,HOME,2026-09-29,line,5on5,13.0,19.0,0.0,0.0,0.0,0.0,0.0,0.0,0.0,0.0,0.0,0.0,0.0,0.0,0.0,0.0,0.0,0.0,0.0,0.0,0.0,0.0,0.0,0.0,0.0,0.0,0.0,0.0,0.0,0.0,0.0,0.0,1.0,0.0,0.0,0.0,0.0,0.0,0.0,0.0,0.0,0.0,0.0,0.0,0.0,0.0,0.0,0.0,0.0,0.0,0.0,0.0,0.0,0.0,0.0,0.0,0.0,0.0,0.0,0.0,0.0,0.0,0.0,0.0,0.0,0.0,0.0,0.0,0.0,0.0,0.0,0.0,0.0,0.0,0.0,0.0,0.0,0.0,0.0,0.0,0.0,0.0,0.0,0.0,0.0,0.0,0.0,0.0,0.0,0.0,0.0,0.0,0.0,0.0,0.0,0.0,0.0,0.0,0.0,0.0,0.0,2026,regular
848217784834898485395,Khusnutdinov-Minten-Hagens,2026020003,BOS,NYR,HOME,2026-09-29,line,5on5,571.0,4.0,0.3229,0.65,0.5,4.399,0.279,0.489,0.889,0.016,2.15,2.178,0.278,0.271,0.27,4.0,2.0,7.0,13.0,0.0,1.0,0.0,0.0,0.0,4.0,1.0,4.0,6.0,0.0,0.0,0.0,4.0,1.0,1.0,5.0,1.0,0.0,0.132,0.147,0.0,0.0,0.0,0.0,13.096,6.0,5.985,1.0,0.1,0.031,0.031,0.348,0.338,0.337,5.341,0.585,0.786,0.764,0.008,1.921,1.935,0.573,0.614,0.602,5.0,1.0,1.0,7.0,0.0,2.0,0.0,1.0,0.0,1.0,2.0,5.0,6.0,0.0,0.0,5.0,5.0,1.0,6.0,3.0,2.0,1.0,0.114,0.26,0.211,0.0,0.0,0.0,7.224,6.0,6.183,1.0,0.172,0.116,0.116,0.642,0.673,0.664,2026,regular
847795684784018479999,Mittelstadt-Zacha-Pastrnak,2026020003,BOS,NYR,HOME,2026-09-29,line,5on5,27.0,13.0,0.0,0.0,0.0,0.0,0.0,0.0,0.0,0.0,0.0,0.0,0.0,0.0,0.0,0.0,0.0,0.0,0.0,0.0,0.0,0.0,0.0,0.0,0.0,0.0,0.0,0.0,0.0,0.0,0.0,1.0,0.0,0.0,0.0,0.0,0.0,0.0,0.0,0.0,0.0,0.0,0.0,0.0,0.0,0.0,0.0,0.0,0.0,0.0,0.0,0.0,0.0,0.0,0.0,0.0,0.0,0.0,0.0,0.0,0.0,0.0,0.0,0.0,0.0,0.0,0.0,0.0,0.0,0.0,0.0,0.0,0.0,0.0,0.0,0.0,0.0,0.0,0.0,1.0,0.0,0.0,0.0,0.0,0.0,0.0,0.0,0.0,0.0,0.0,0.0,0.0,0.0,0.0,0.0,0.0,0.0,0.0,0.0,0.0,0.0,2026,regular
847637484796618480355,Jeannot-Kuraly-Kastelic,2026020019,BOS,WPG,AWAY,2026-10-02,line,5on5,362.0,4.0,0.2703,0.4167,0.3,2.31,0.06,0.19,0.482,0.007,1.129,1.131,0.06,0.062,0.062,1.0,2.0,2.0,5.0,0.0,0.0,0.0,0.0,1.0,1.0,1.0,1.0,3.0,2.0,4.0,5.0,7.0,0.0,1.0,3.0,0.0,0.0,0.06,0.0,0.0,0.0,0.0,0.0,5.103,3.0,3.025,0.0,0.04,0.0,0.0,0.1,0.103,0.103,4.87,0.162,0.477,1.117,0.009,2.695,2.541,0.16,0.154,0.153,6.0,1.0,0.0,7.0,0.0,0.0,0.0,2.0,0.0,2.0,3.0,6.0,7.0,2.0,4.0,5.0,3.0,0.0,0.0,7.0,0.0,0.0,0.162,0.0,0.0,0.0,0.0,0.0,6.791,7.0,6.811,0.0,0.094,0.0,0.0,0.256,0.244,0.242,2026,regular
84773658482511,Lohrei-Clifton,2026020019,BOS,WPG,AWAY,2026-10-02,pairing,5on5,15.0,9.0,0.0,1.0,0.0,0.0,0.0,0.0,0.0,0.0,0.0,0.0,0.0,0.0,0.0,0.0,0.0,1.0,1.0,0.0,0.0,0.0,0.0,0.0,0.0,0.0,0.0,0.0,0.0,0.0,0.0,0.0,0.0,0.0,0.0,0.0,0.0,0.0,0.0,0.0,0.0,0.0,0.0,0.975,0.0,0.0,0.0,0.0,0.0,0.0,0.0,0.0,0.0,0.0,0.0,0.0,0.0,0.0,0.0,0.0,0.0,0.0,0.0,0.0,0.0,0.0,0.0,0.0,0.0,0.0,0.0,0.0,0.0,0.0,0.0,0.0,0.0,0.0,0.0,0.0,0.0,0.0,0.0,0.0,0.0,0.0,0.0,0.0,0.0,0.0,0.0,0.0,0.0,0.0,0.0,0.0,0.0,0.0,0.0,0.0,0.0,2026,regular
847637484803558485395,Kastelic-Kuraly-Hagens,2026020019,BOS,WPG,AWAY,2026-10-02,line,5on5,18.0,17.0,1.0,1.0,1.0,0.734,0.036,0.063,0.188,0.0,0.306,0.406,0.036,0.038,0.038,1.0,0.0,0.0,1.0,0.0,0.0,0.0,0.0,0.0,1.0,0.0,1.0,1.0,0.0,0.0,0.0,0.0,1.0,0.0,1.0,0.0,0.0,0.036,0.0,0.0,0.0,0.0,0.0,1.032,1.0,1.03,0.0,0.012,0.0,0.0,0.048,0.051,0.051,0.0,0.0,0.0,0.0,0.0,0.0,0.0,0.0,0.0,0.0,0.0,0.0,0.0,0.0,0.0,0.0,0.0,0.0,0.0,0.0,0.0,0.0,0.0,0.0,0.0,0.0,0.0,0.0,0.0,0.0,0.0,0.0,0.0,0.0,0.0,0.0,0.0,0.0,0.0,0.0,0.0,0.0,0.0,0.0,0.0,0.0,0.0,0.0,2026,regular
847840184799878479999,Mittelstadt-Zacha-Geekie,2026020019,BOS,WPG,AWAY,2026-10-02,line,5on5,564.0,3.0,0.4914,0.5652,0.4737,6.586,0.683,0.691,1.148,0.019,3.076,3.383,0.674,0.705,0.697,6.0,3.0,4.0,13.0,1.0,0.0,0.0,1.0,0.0,4.0,3.0,5.0,8.0,0.0,0.0,5.0,2.0,2.0,4.0,5.0,4.0,0.0,0.173,0.51,0.0,1.0,0.0,0.0,13.273,9.0,9.146,1.0,0.142,0.0,0.0,0.825,0.852,0.843,7.607,0.707,0.877,1.369,0.021,3.361,3.665,0.7,0.673,0.667,7.0,3.0,0.0,10.0,0.0,1.0,0.0,2.0,0.0,4.0,3.0,7.0,10.0,0.0,0.0,6.0,2.0,2.0,3.0,6.0,4.0,0.0,0.214,0.492,0.0,0.0,0.0,0.0,9.759,10.0,9.817,2.0,0.183,0.044,0.044,0.846,0.807,0.799,2026,regular
848217784834898485395,Khusnutdinov-Minten-Hagens,2026020019,BOS,WPG,AWAY,2026-10-02,line,5on5,669.0,1.0,0.3235,0.4286,0.4167,3.511,0.165,0.324,0.645,0.007,2.064,1.794,0.158,0.171,0.165,1.0,4.0,1.0,6.0,0.0,0.0,0.0,1.0,0.0,0.0,4.0,1.0,5.0,1.0,2.0,5.0,5.0,0.0,3.0,4.0,1.0,0.0,0.055,0.11,0.0,0.0,0.0,0.0,6.291,5.0,5.16,1.0,0.068,0.0,0.0,0.234,0.242,0.233,5.272,0.345,0.713,0.869,0.012,2.2,2.861,0.339,0.332,0.326,2.0,5.0,1.0,8.0,0.0,1.0,0.0,2.0,0.0,3.0,1.0,2.0,7.0,0.0,0.0,3.0,0.0,0.0,6.0,6.0,1.0,0.0,0.239,0.105,0.0,0.0,0.0,0.0,7.816,7.0,6.866,3.0,0.146,0.006,0.006,0.485,0.466,0.459,2026,regular
84768548482511,Lohrei-Lindholm,2026020019,BOS,WPG,AWAY,2026-10-02,pairing,5on5,40.0,8.0,1.0,1.0,1.0,3.311,0.151,0.472,0.439,0.01,1.501,1.428,0.145,0.151,0.145,3.0,1.0,0.0,4.0,0.0,3.0,0.0,0.0,0.0,0.0,1.0,3.0,4.0,0.0,0.0,1.0,0.0,0.0,0.0,3.0,1.0,0.0,0.054,0.096,0.0,0.0,0.0,0.0,3.9,4.0,3.857,0.0,0.099,0.054,0.054,0.195,0.195,0.188,0.0,0.0,0.0,0.0,0.0,0.0,0.0,0.0,0.0,0.0,0.0,0.0,0.0,0.0,0.0,0.0,0.0,0.0,0.0,0.0,0.0,0.0,0.0,0.0,0.0,0.0,0.0,0.0,0.0,0.0,0.0,0.0,0.0,0.0,0.0,0.0,0.0,0.0,0.0,0.0,0.0,0.0,0.0,0.0,0.0,0.0,0.0,0.0,2026,regular
847749684779568479987,Geekie-Lindholm-Pastrnak,2026020019,BOS,WPG,AWAY,2026-10-02,line,5on5,51.0,10.0,1.0,1.0,1.0,0.876,0.017,0.147,0.079,0.001,0.404,0.352,0.017,0.017,0.017,0.0,1.0,1.0,2.0,0.0,0.0,0.0,0.0,0.0,1.0,0.0,0.0,1.0,0.0,0.0,1.0,0.0,0.0,1.0,1.0,0.0,0.0,0.017,0.0,0.0,0.0,0.0,0.0,1.95,1.0,0.964,0.0,0.029,0.0,0.0,0.046,0.046,0.046,0.0,0.0,0.0,0.0,0.0,0.0,0.0,0.0,0.0,0.0,0.0,0.0,0.0,0.0,0.0,0.0,0.0,0.0,0.0,0.0,0.0,0.0,0.0,0.0,0.0,0.0,0.0,0.0,0.0,0.0,0.0,0.0,0.0,0.0,0.0,0.0,0.0,0.0,0.0,0.0,0.0,0.0,0.0,0.0,0.0,0.0,0.0,0.0,2026,regular
847749684779568482175,Peterka-Lindholm-Pastrnak,2026020019,BOS,WPG,AWAY,2026-10-02,line,5on5,623.0,2.0,0.554,0.6,0.625,11.268,0.39,1.224,2.099,0.027,5.686,5.574,0.383,0.392,0.385,11.0,4.0,3.0,18.0,0.0,4.0,0.0,2.0,0.0,3.0,6.0,11.0,15.0,1.0,2.0,8.0,2.0,1.0,6.0,13.0,2.0,0.0,0.194,0.196,0.0,0.0,0.0,0.0,17.892,15.0,14.795,2.0,0.255,0.085,0.085,0.56,0.566,0.554,6.544,0.314,0.692,1.019,0.022,3.278,3.674,0.295,0.301,0.283,5.0,4.0,3.0,12.0,1.0,2.0,0.0,1.0,0.0,3.0,2.0,4.0,8.0,1.0,2.0,4.0,8.0,1.0,4.0,7.0,2.0,0.0,0.132,0.182,0.0,1.0,0.0,0.0,11.644,9.0,8.9,1.0,0.147,0.11,0.11,0.351,0.338,0.324,2026,regular
84812198482511,Lohrei-Aspirot,2026020019,BOS,WPG,AWAY,2026-10-02,pairing,5on5,890.0,2.0,0.4687,0.4583,0.4706,5.913,0.389,0.52,1.152,0.015,2.68,3.244,0.388,0.407,0.406,4.0,4.0,3.0,11.0,0.0,0.0,0.0,1.0,0.0,3.0,4.0,4.0,8.0,5.0,13.0,6.0,3.0,0.0,2.0,7.0,1.0,0.0,0.195,0.194,0.0,0.0,0.0,0.0,11.323,8.0,8.181,0.0,0.107,0.0,0.0,0.496,0.519,0.515,6.365,0.441,0.554,1.14,0.015,2.929,3.921,0.432,0.422,0.413,4.0,5.0,4.0,13.0,0.0,1.0,0.0,3.0,0.0,1.0,4.0,4.0,9.0,4.0,11.0,3.0,3.0,2.0,3.0,8.0,1.0,0.0,0.287,0.155,0.0,0.0,0.0,0.0,12.559,9.0,8.846,1.0,0.115,0.023,0.023,0.533,0.511,0.501,2026,regular
847637484796618482177,Jeannot-Kuraly-Khusnutdinov,2026020019,BOS,WPG,AWAY,2026-10-02,line,5on5,56.0,7.0,1.0,1.0,1.0,0.627,0.023,0.075,0.202,0.001,0.378,0.321,0.023,0.024,0.024,1.0,0.0,2.0,3.0,0.0,0.0,0.0,0.0,0.0,1.0,0.0,1.0,1.0,0.0,0.0,0.0,3.0,1.0,1.0,1.0,0.0,0.0,0.023,0.0,0.0,0.0,0.0,0.0,3.096,1.0,1.03,1.0,0.015,0.0,0.0,0.037,0.039,0.039,0.0,0.0,0.0,0.0,0.0,0.0,0.0,0.0,0.0,0.0,0.0,0.0,0.0,0.0,0.0,0.0,0.0,0.0,0.0,0.0,0.0,0.0,0.0,0.0,0.0,0.0,0.0,0.0,1.0,0.0,0.0,0.0,0.0,0.0,0.0,0.0,0.0,0.0,0.0,0.0,0.0,0.0,0.0,0.0,0.0,0.0,0.0,0.0,2026,regular
84773658477507,Zadorov-Clifton,2026020019,BOS,WPG,AWAY,2026-10-02,pairing,5on5,873.0,3.0,0.7117,0.5862,0.5217,9.089,0.943,1.002,1.58,0.023,4.118,4.335,0.874,1.002,0.927,5.0,7.0,5.0,17.0,1.0,1.0,1.0,1.0,1.0,2.0,6.0,4.0,11.0,0.0,0.0,9.0,15.0,3.0,10.0,8.0,3.0,1.0,0.218,0.377,0.348,0.0,0.0,1.0,17.572,12.0,12.303,6.0,0.206,0.348,0.348,0.801,0.837,0.822,7.692,0.382,0.761,1.618,0.023,3.736,4.481,0.374,0.368,0.36,9.0,2.0,1.0,12.0,2.0,1.0,0.0,3.0,0.0,3.0,2.0,7.0,9.0,0.0,0.0,5.0,2.0,1.0,7.0,9.0,2.0,0.0,0.2,0.182,0.0,2.0,0.0,0.0,11.811,11.0,10.977,2.0,0.152,0.088,0.088,0.447,0.432,0.431,2026,regular
84768548478840,Lindholm-Borgen,2026020019,BOS,WPG,AWAY,2026-10-02,pairing,5on5,902.0,1.0,0.4944,0.5366,0.4848,11.764,0.749,1.244,2.106,0.029,6.068,5.805,0.74,0.766,0.757,10.0,6.0,6.0,22.0,1.0,1.0,0.0,2.0,0.0,6.0,6.0,9.0,15.0,0.0,0.0,8.0,7.0,4.0,5.0,12.0,4.0,0.0,0.229,0.52,0.0,1.0,0.0,0.0,22.048,16.0,16.032,1.0,0.258,0.031,0.031,0.977,1.0,0.99,12.768,0.766,1.57,2.351,0.029,6.168,6.117,0.754,0.735,0.723,8.0,9.0,2.0,19.0,0.0,2.0,0.0,3.0,0.0,6.0,6.0,8.0,17.0,0.0,0.0,12.0,10.0,1.0,4.0,13.0,4.0,0.0,0.323,0.443,0.0,0.0,0.0,0.0,18.599,17.0,16.725,2.0,0.327,0.049,0.049,1.044,1.002,0.987,2026,regular
847749684821758482177,Khusnutdinov-Lindholm-Peterka,2026020019,BOS,WPG,AWAY,2026-10-02,line,5on5,22.0,15.0,0.0,0.0,0.0,0.0,0.0,0.0,0.0,0.0,0.0,0.0,0.0,0.0,0.0,0.0,0.0,0.0,0.0,0.0,0.0,0.0,0.0,0.0,0.0,0.0,0.0,0.0,0.0,0.0,0.0,0.0,0.0,0.0,0.0,0.0,0.0,0.0,0.0,0.0,0.0,0.0,0.0,0.0,0.0,0.0,0.0,0.0,0.0,0.0,0.0,0.0,0.0,0.0,0.0,0.0,0.0,0.0,0.0,0.0,0.0,0.0,0.0,0.0,0.0,1.0,1.0,0.0,0.0,0.0,0.0,0.0,0.0,0.0,0.0,0.0,0.0,0.0,0.0,0.0,0.0,0.0,0.0,0.0,0.0,0.0,0.0,0.0,0.0,0.0,0.0,0.97,0.0,0.0,0.0,0.0,0.0,0.0,0.0,0.0,0.0,2026,regular
84775078482511,Lohrei-Zadorov,2026020019,BOS,WPG,AWAY,2026-10-02,pairing,5on5,102.0,4.0,0.7692,0.75,0.75,2.133,0.11,0.185,0.49,0.005,0.962,1.247,0.11,0.114,0.114,2.0,1.0,0.0,3.0,0.0,0.0,0.0,0.0,0.0,1.0,2.0,2.0,3.0,0.0,0.0,0.0,0.0,0.0,1.0,3.0,0.0,0.0,0.11,0.0,0.0,0.0,0.0,0.0,3.039,3.0,3.025,1.0,0.037,0.0,0.0,0.147,0.152,0.152,0.79,0.033,0.094,0.104,0.004,0.335,0.43,0.032,0.033,0.032,1.0,0.0,0.0,1.0,0.0,0.0,0.0,0.0,0.0,0.0,1.0,1.0,1.0,0.0,0.0,0.0,0.0,0.0,1.0,1.0,0.0,0.0,0.033,0.0,0.0,0.0,0.0,0.0,1.026,1.0,1.038,1.0,0.021,0.0,0.0,0.055,0.054,0.052,2026,regular
847998784834898485395,Geekie-Minten-Hagens,2026020019,BOS,WPG,AWAY,2026-10-02,line,5on5,55.0,8.0,0.5766,0.5,0.5,0.732,0.079,0.054,0.107,0.001,0.29,0.469,0.079,0.083,0.083,0.0,1.0,0.0,1.0,0.0,0.0,0.0,0.0,0.0,0.0,1.0,0.0,1.0,0.0,0.0,0.0,0.0,0.0,0.0,1.0,0.0,0.0,0.079,0.0,0.0,0.0,0.0,0.0,1.032,1.0,1.03,0.0,0.011,0.0,0.0,0.09,0.094,0.094,0.46,0.058,0.058,0.062,0.004,0.282,0.536,0.058,0.058,0.058,0.0,1.0,0.0,1.0,0.0,0.0,0.0,0.0,0.0,0.0,1.0,0.0,1.0,0.0,0.0,0.0,0.0,0.0,0.0,1.0,0.0,0.0,0.058,0.0,0.0,0.0,0.0,0.0,1.026,1.0,1.038,0.0,0.013,0.0,0.0,0.071,0.071,0.071,2026,regular
847749684799998480355,Mittelstadt-Lindholm-Kastelic,2026020019,BOS,WPG,AWAY,2026-10-02,line,5on5,13.0,19.0,0.0,0.0,0.0,0.0,0.0,0.0,0.0,0.0,0.0,0.0,0.0,0.0,0.0,0.0,0.0,0.0,0.0,0.0,0.0,0.0,0.0,0.0,0.0,0.0,0.0,0.0,0.0,0.0,0.0,0.0,1.0,0.0,0.0,0.0,0.0,0.0,0.0,0.0,0.0,0.0,0.0,0.0,0.0,0.0,0.0,0.0,0.0,0.0,0.0,0.0,0.0,0.834,0.003,0.053,0.218,0.001,0.421,0.304,0.003,0.003,0.003,1.0,0.0,0.0,1.0,0.0,0.0,0.0,1.0,0.0,0.0,0.0,1.0,1.0,0.0,0.0,2.0,0.0,0.0,0.0,1.0,0.0,0.0,0.003,0.0,0.0,0.0,0.0,0.0,0.97,1.0,0.971,0.0,0.012,0.0,0.0,0.015,0.014,0.014,2026,regular
847795684784018479999,Mittelstadt-Zacha-Pastrnak,2026020019,BOS,WPG,AWAY,2026-10-02,line,5on5,29.0,14.0,1.0,1.0,1.0,1.409,0.133,0.125,0.255,0.008,0.553,0.926,0.133,0.139,0.139,1.0,1.0,0.0,2.0,0.0,0.0,0.0,0.0,0.0,0.0,2.0,1.0,2.0,0.0,0.0,0.0,0.0,0.0,0.0,2.0,0.0,0.0,0.133,0.0,0.0,0.0,0.0,0.0,2.064,2.0,2.061,0.0,0.025,0.0,0.0,0.157,0.165,0.165,0.0,0.0,0.0,0.0,0.0,0.0,0.0,0.0,0.0,0.0,0.0,0.0,0.0,0.0,0.0,0.0,0.0,0.0,0.0,0.0,0.0,0.0,0.0,0.0,0.0,0.0,0.0,0.0,0.0,0.0,0.0,0.0,0.0,0.0,0.0,0.0,0.0,0.0,0.0,0.0,0.0,0.0,0.0,0.0,0.0,0.0,0.0,0.0,2026,regular
848035584834898485395,Kastelic-Minten-Hagens,2026020019,BOS,WPG,AWAY,2026-10-02,line,5on5,15.0,18.0,1.0,1.0,1.0,1.806,0.525,0.257,0.184,0.006,0.509,0.518,0.464,0.567,0.5,1.0,1.0,0.0,2.0,1.0,1.0,1.0,0.0,0.0,0.0,0.0,0.0,1.0,0.0,0.0,0.0,0.0,0.0,0.0,0.0,1.0,1.0,0.0,0.178,0.348,0.0,0.0,1.0,2.135,2.0,2.131,0.0,0.054,0.348,0.348,0.232,0.245,0.24,0.0,0.0,0.0,0.0,0.0,0.0,0.0,0.0,0.0,0.0,0.0,0.0,0.0,0.0,0.0,0.0,0.0,0.0,0.0,0.0,0.0,0.0,0.0,0.0,0.0,0.0,0.0,0.0,0.0,0.0,0.0,0.0,0.0,0.0,0.0,0.0,0.0,0.0,0.0,0.0,0.0,0.0,0.0,0.0,0.0,0.0,0.0,0.0,2026,regular
847749684799878482175,Geekie-Lindholm-Peterka,2026020019,BOS,WPG,AWAY,2026-10-02,line,5on5,12.0,21.0,0.0,0.0,0.0,0.0,0.0,0.0,0.0,0.0,0.0,0.0,0.0,0.0,0.0,0.0,0.0,0.0,0.0,0.0,0.0,0.0,0.0,0.0,0.0,0.0,0.0,0.0,0.0,0.0,0.0,0.0,0.0,1.0,0.0,0.0,0.0,0.0,0.0,0.0,0.0,0.0,0.0,0.0,0.0,0.0,1.0,0.0,0.0,0.0,0.0,0.0,0.0,0.0,0.0,0.0,0.0,0.0,0.0,0.0,0.0,0.0,0.0,0.0,0.0,0.0,0.0,0.0,0.0,0.0,0.0,0.0,0.0,0.0,0.0,0.0,0.0,0.0,0.0,0.0,0.0,0.0,0.0,0.0,0.0,0.0,0.0,0.0,0.0,0.0,0.0,0.0,0.0,0.0,0.0,0.0,0.0,0.0,0.0,0.0,0.0,2026,regular
84775078478840,Zadorov-Borgen,2026020019,BOS,WPG,AWAY,2026-10-02,pairing,5on5,62.0,5.0,1.0,0.5,1.0,0.705,0.017,0.063,0.14,0.002,0.35,0.429,0.017,0.017,0.017,1.0,0.0,0.0,1.0,0.0,0.0,0.0,1.0,0.0,0.0,0.0,1.0,1.0,0.0,0.0,1.0,1.0,0.0,0.0,1.0,0.0,0.0,0.017,0.0,0.0,0.0,0.0,0.0,0.975,1.0,0.964,0.0,0.012,0.0,0.0,0.029,0.029,0.029,0.0,0.0,0.0,0.0,0.0,0.0,0.0,0.0,0.0,0.0,0.0,0.0,1.0,1.0,0.0,0.0,0.0,0.0,0.0,0.0,0.0,0.0,0.0,0.0,0.0,0.0,1.0,0.0,0.0,0.0,0.0,0.0,0.0,0.0,0.0,0.0,0.0,0.0,1.026,0.0,0.0,0.0,0.0,0.0,0.0,0.0,0.0,0.0,2026,regular
847637484796618479987,Jeannot-Kuraly-Geekie,2026020019,BOS,WPG,AWAY,2026-10-02,line,5on5,13.0,20.0,0.0,0.0,0.0,0.0,0.0,0.0,0.0,0.0,0.0,0.0,0.0,0.0,0.0,0.0,0.0,0.0,0.0,0.0,0.0,0.0,0.0,0.0,0.0,0.0,0.0,0.0,0.0,0.0,0.0,2.0,0.0,0.0,0.0,0.0,0.0,0.0,0.0,0.0,0.0,0.0,0.0,0.0,0.0,0.0,0.0,0.0,0.0,0.0,0.0,0.0,0.0,0.0,0.0,0.0,0.0,0.0,0.0,0.0,0.0,0.0,0.0,0.0,0.0,0.0,0.0,0.0,0.0,0.0,0.0,0.0,0.0,0.0,0.0,0.0,0.0,0.0,0.0,0.0,0.0,0.0,0.0,0.0,0.0,0.0,0.0,0.0,0.0,0.0,0.0,0.0,0.0,0.0,0.0,0.0,0.0,0.0,0.0,0.0,0.0,2026,regular
847637484799878479999,Mittelstadt-Kuraly-Geekie,2026020019,BOS,WPG,AWAY,2026-10-02,line,5on5,52.0,9.0,0.0,0.0,0.0,0.0,0.0,0.0,0.0,0.0,0.0,0.0,0.0,0.0,0.0,0.0,0.0,0.0,0.0,0.0,0.0,0.0,0.0,0.0,0.0,0.0,0.0,0.0,0.0,0.0,0.0,1.0,0.0,1.0,0.0,0.0,0.0,0.0,0.0,0.0,0.0,0.0,0.0,0.0,0.0,0.0,1.0,0.0,0.0,0.0,0.0,0.0,0.0,0.652,0.01,0.057,0.144,0.001,0.296,0.492,0.01,0.01,0.01,1.0,0.0,1.0,2.0,0.0,0.0,0.0,0.0,0.0,0.0,1.0,1.0,1.0,0.0,0.0,0.0,0.0,0.0,1.0,1.0,0.0,0.0,0.01,0.0,0.0,0.0,0.0,0.0,1.941,1.0,1.038,0.0,0.011,0.0,0.0,0.022,0.022,0.022,2026,regular
847998784799998483489,Mittelstadt-Minten-Geekie,2026020019,BOS,WPG,AWAY,2026-10-02,line,5on5,10.0,24.0,1.0,1.0,1.0,0.769,0.002,0.028,0.104,0.0,0.33,0.535,0.002,0.002,0.002,1.0,0.0,0.0,1.0,0.0,0.0,0.0,0.0,0.0,0.0,1.0,1.0,1.0,0.0,0.0,0.0,0.0,0.0,0.0,1.0,0.0,0.0,0.002,0.0,0.0,0.0,0.0,0.0,0.975,1.0,0.964,0.0,0.006,0.0,0.0,0.008,0.008,0.008,0.0,0.0,0.0,0.0,0.0,0.0,0.0,0.0,0.0,0.0,0.0,0.0,0.0,0.0,0.0,0.0,0.0,0.0,0.0,0.0,0.0,0.0,0.0,0.0,0.0,0.0,0.0,0.0,0.0,0.0,0.0,0.0,0.0,0.0,0.0,0.0,0.0,0.0,0.0,0.0,0.0,0.0,0.0,0.0,0.0,0.0,0.0,0.0,2026,regular
847749684796618480355,Jeannot-Lindholm-Kastelic,2026020019,BOS,WPG,AWAY,2026-10-02,line,5on5,44.0,11.0,0.2647,0.3333,0.5,0.627,0.009,0.054,0.179,0.001,0.298,0.459,0.009,0.01,0.01,0.0,1.0,0.0,1.0,0.0,0.0,0.0,0.0,0.0,1.0,0.0,0.0,1.0,0.0,0.0,0.0,1.0,0.0,0.0,1.0,0.0,0.0,0.009,0.0,0.0,0.0,0.0,0.0,1.032,1.0,1.03,0.0,0.01,0.0,0.0,0.02,0.021,0.021,0.65,0.025,0.055,0.175,0.001,0.346,0.399,0.025,0.024,0.024,0.0,1.0,1.0,2.0,0.0,0.0,0.0,0.0,0.0,0.0,1.0,0.0,1.0,0.0,0.0,0.0,1.0,0.0,0.0,1.0,0.0,0.0,0.025,0.0,0.0,0.0,0.0,0.0,1.94,1.0,0.971,0.0,0.011,0.0,0.0,0.036,0.034,0.034,2026,regular
847637484779568479661,Jeannot-Kuraly-Pastrnak,2026020019,BOS,WPG,AWAY,2026-10-02,line,5on5,58.0,6.0,0.0,1.0,0.0,0.0,0.0,0.0,0.0,0.0,0.0,0.0,0.0,0.0,0.0,0.0,0.0,1.0,1.0,0.0,0.0,0.0,0.0,0.0,0.0,0.0,0.0,0.0,0.0,0.0,0.0,2.0,0.0,1.0,0.0,0.0,0.0,0.0,0.0,0.0,0.0,0.0,0.0,0.975,0.0,0.0,1.0,0.0,0.0,0.0,0.0,0.0,0.0,0.0,0.0,0.0,0.0,0.0,0.0,0.0,0.0,0.0,0.0,0.0,0.0,0.0,0.0,0.0,0.0,0.0,0.0,0.0,0.0,0.0,0.0,0.0,0.0,0.0,0.0,1.0,0.0,0.0,0.0,0.0,0.0,0.0,0.0,0.0,0.0,0.0,0.0,0.0,0.0,0.0,0.0,0.0,0.0,0.0,0.0,0.0,0.0,2026,regular
847966184803558483489,Jeannot-Minten-Kastelic,2026020019,BOS,WPG,AWAY,2026-10-02,line,5on5,11.0,22.0,0.0,0.0,0.0,0.0,0.0,0.0,0.0,0.0,0.0,0.0,0.0,0.0,0.0,0.0,0.0,0.0,0.0,0.0,0.0,0.0,0.0,0.0,0.0,0.0,0.0,0.0,1.0,5.0,0.0,0.0,0.0,0.0,0.0,0.0,0.0,0.0,0.0,0.0,0.0,0.0,0.0,0.0,0.0,0.0,0.0,0.0,0.0,0.0,0.0,0.0,0.0,0.0,0.0,0.0,0.0,0.0,0.0,0.0,0.0,0.0,0.0,0.0,0.0,0.0,0.0,0.0,0.0,0.0,0.0,0.0,0.0,0.0,0.0,0.0,1.0,5.0,0.0,1.0,0.0,0.0,0.0,0.0,0.0,0.0,0.0,0.0,0.0,0.0,0.0,0.0,0.0,0.0,0.0,0.0,0.0,0.0,0.0,0.0,0.0,2026,regular
847840184821778485395,Khusnutdinov-Zacha-Hagens,2026020019,BOS,WPG,AWAY,2026-10-02,line,5on5,30.0,13.0,0.0,1.0,0.0,0.0,0.0,0.0,0.0,0.0,0.0,0.0,0.0,0.0,0.0,0.0,0.0,1.0,1.0,0.0,0.0,0.0,0.0,0.0,0.0,0.0,0.0,0.0,0.0,0.0,0.0,0.0,1.0,0.0,0.0,0.0,0.0,0.0,0.0,0.0,0.0,0.0,0.0,0.975,0.0,0.0,0.0,0.0,0.0,0.0,0.0,0.0,0.0,0.0,0.0,0.0,0.0,0.0,0.0,0.0,0.0,0.0,0.0,0.0,0.0,0.0,0.0,0.0,0.0,0.0,0.0,0.0,0.0,0.0,0.0,0.0,0.0,0.0,0.0,0.0,0.0,0.0,0.0,0.0,0.0,0.0,0.0,0.0,0.0,0.0,0.0,0.0,0.0,0.0,0.0,0.0,0.0,0.0,0.0,0.0,0.0,2026,regular
84768548477365,Lindholm-Clifton,2026020019,BOS,WPG,AWAY,2026-10-02,pairing,5on5,58.0,6.0,0.0,0.0,0.0,0.0,0.0,0.0,0.0,0.0,0.0,0.0,0.0,0.0,0.0,0.0,0.0,0.0,0.0,0.0,0.0,0.0,0.0,0.0,0.0,0.0,0.0,0.0,0.0,0.0,0.0,0.0,0.0,0.0,0.0,0.0,0.0,0.0,0.0,0.0,0.0,0.0,0.0,0.0,0.0,0.0,0.0,0.0,0.0,0.0,0.0,0.0,0.0,1.385,0.079,0.188,0.245,0.004,0.782,0.702,0.077,0.075,0.074,2.0,0.0,0.0,2.0,0.0,0.0,0.0,0.0,0.0,2.0,0.0,2.0,2.0,0.0,0.0,1.0,1.0,0.0,0.0,2.0,0.0,0.0,0.079,0.0,0.0,0.0,0.0,0.0,1.94,2.0,1.942,0.0,0.038,0.0,0.0,0.117,0.111,0.11,2026,regular
847795684796618480355,Jeannot-Kastelic-Pastrnak,2026020019,BOS,WPG,AWAY,2026-10-02,line,5on5,11.0,23.0,0.0,0.0,0.0,0.0,0.0,0.0,0.0,0.0,0.0,0.0,0.0,0.0,0.0,0.0,0.0,0.0,0.0,0.0,0.0,0.0,0.0,0.0,0.0,0.0,0.0,0.0,0.0,0.0,0.0,0.0,0.0,0.0,0.0,0.0,0.0,0.0,0.0,0.0,0.0,0.0,0.0,0.0,0.0,0.0,0.0,0.0,0.0,0.0,0.0,0.0,0.0,0.709,0.012,0.055,0.2,0.001,0.404,0.327,0.012,0.012,0.012,1.0,0.0,0.0,1.0,1.0,0.0,0.0,0.0,0.0,0.0,0.0,0.0,0.0,0.0,0.0,1.0,0.0,0.0,0.0,1.0,0.0,0.0,0.012,0.0,0.0,1.0,0.0,0.0,1.026,1.0,1.038,0.0,0.011,0.0,0.0,0.023,0.023,0.023,2026,regular
847795684784018479987,Geekie-Zacha-Pastrnak,2026020019,BOS,WPG,AWAY,2026-10-02,line,5on5,35.0,12.0,0.0,0.0,0.0,0.0,0.0,0.0,0.0,0.0,0.0,0.0,0.0,0.0,0.0,0.0,0.0,0.0,0.0,0.0,0.0,0.0,0.0,0.0,0.0,0.0,0.0,0.0,0.0,0.0,0.0,0.0,0.0,0.0,0.0,0.0,0.0,0.0,0.0,0.0,0.0,0.0,0.0,0.0,0.0,0.0,0.0,0.0,0.0,0.0,0.0,0.0,0.0,0.731,0.047,0.066,0.141,0.002,0.349,0.395,0.047,0.047,0.047,0.0,1.0,0.0,1.0,0.0,0.0,0.0,0.0,0.0,0.0,1.0,0.0,1.0,0.0,0.0,0.0,0.0,0.0,0.0,1.0,0.0,0.0,0.047,0.0,0.0,0.0,0.0,0.0,1.026,1.0,1.038,0.0,0.014,0.0,0.0,0.061,0.061,0.061,2026,regular
847840184799998482175,Mittelstadt-Zacha-Peterka,2026020019,BOS,WPG,AWAY,2026-10-02,line,5on5,121.0,5.0,0.7,0.3333,0.5,0.736,0.042,0.097,0.069,0.003,0.399,0.39,0.042,0.042,0.042,0.0,1.0,0.0,1.0,0.0,0.0,0.0,0.0,0.0,0.0,1.0,0.0,1.0,0.0,0.0,1.0,1.0,0.0,0.0,1.0,0.0,0.0,0.042,0.0,0.0,0.0,0.0,0.0,0.975,1.0,0.964,0.0,0.019,0.0,0.0,0.061,0.061,0.061,0.672,0.018,0.064,0.144,0.001,0.317,0.457,0.018,0.018,0.018,1.0,0.0,1.0,2.0,0.0,0.0,0.0,1.0,0.0,0.0,0.0,1.0,1.0,0.0,0.0,0.0,1.0,1.0,0.0,1.0,0.0,0.0,0.018,0.0,0.0,0.0,0.0,0.0,2.052,1.0,1.038,0.0,0.012,0.0,0.0,0.031,0.031,0.031,2026,regular
847749684799878479999,Mittelstadt-Lindholm-Geekie,2026020019,BOS,WPG,AWAY,2026-10-02,line,5on5,19.0,16.0,1.0,1.0,1.0,0.923,0.194,0.156,0.163,0.001,0.256,0.23,0.194,0.203,0.203,1.0,0.0,0.0,1.0,0.0,0.0,0.0,1.0,0.0,0.0,0.0,1.0,1.0,0.0,0.0,0.0,0.0,0.0,0.0,0.0,1.0,0.0,0.0,0.194,0.0,0.0,0.0,0.0,1.032,1.0,1.03,0.0,0.033,0.0,0.0,0.227,0.238,0.238,0.0,0.0,0.0,0.0,0.0,0.0,0.0,0.0,0.0,0.0,0.0,0.0,0.0,0.0,0.0,0.0,0.0,0.0,0.0,0.0,0.0,0.0,0.0,0.0,0.0,0.0,0.0,0.0,0.0,0.0,0.0,0.0,0.0,0.0,0.0,0.0,0.0,0.0,0.0,0.0,0.0,0.0,0.0,0.0,0.0,0.0,0.0,0.0,2026,regular
84788408482511,Lohrei-Borgen,2026020019,BOS,WPG,AWAY,2026-10-02,pairing,5on5,41.0,7.0,0.0,0.0,0.0,0.0,0.0,0.0,0.0,0.0,0.0,0.0,0.0,0.0,0.0,0.0,0.0,0.0,0.0,0.0,0.0,0.0,0.0,0.0,0.0,0.0,0.0,0.0,0.0,0.0,0.0,0.0,0.0,1.0,0.0,0.0,0.0,0.0,0.0,0.0,0.0,0.0,0.0,0.0,0.0,0.0,0.0,0.0,0.0,0.0,0.0,0.0,0.0,0.0,0.0,0.0,0.0,0.0,0.0,0.0,0.0,0.0,0.0,0.0,0.0,0.0,0.0,0.0,0.0,0.0,0.0,0.0,0.0,0.0,0.0,0.0,0.0,0.0,0.0,0.0,0.0,0.0,0.0,0.0,0.0,0.0,0.0,0.0,0.0,0.0,0.0,0.0,0.0,0.0,0.0,0.0,0.0,0.0,0.0,0.0,0.0,2026,regular
