gameId,gameDate,season,game_type,playerTeam,opposingTeam,home_or_away,x_on_goal_for,x_goals_for,shots_on_goal_for,missed_shots_for,shot_attempts_for,unblocked_shot_attempts_for,x_rebounds_for,rebounds_for,rebound_goals_for,x_freeze_for,freeze_for,x_play_stopped_for,play_stopped_for,x_play_continued_in_zone_for,play_continued_in_zone_for,x_play_continued_outside_zone_for,play_continued_outside_zone_for,goals_for,faceoffs_won_for,faceoffs_lost_for,hits_for,takeaways_for,giveaways_for,d_zone_giveaways_for,shots_blocked_for,penalties_for,penalty_minutes_for,penalty_minutes_drawn_for,penalties_drawn_for,x_on_goal_against,shots_on_goal_against,unblocked_shot_attempts_against,x_goals_against,goals_against,x_rebounds_against,rebounds_against,x_freeze_against,freeze_against,x_play_stopped_against,play_stopped_against,x_play_continued_in_zone_against,play_continued_in_zone_against,x_play_continued_outside_zone_against,play_continued_outside_zone_against,blocked_shot_attempts_against
2025021308,2026-04-16,2025,regular,WPG,SJS,HOME,35.336,2.329,26.0,23.0,59.0,49.0,2.34,2.0,0.0,8.622,8.0,1.071,0.0,20.521,16.0,14.116,22.0,1.0,31.0,23.0,10.0,4.0,15.0,6.0,7.0,3.0,8.0,6.0,3.0,36.243,33.0,55.0,4.265,6.0,2.536,7.0,8.19,4.0,1.071,0.0,16.7,15.0,14.184,15.0,8.0
2025021297,2026-04-14,2025,regular,WPG,UTA,AWAY,25.426,3.411,24.0,12.0,46.0,36.0,1.731,6.0,1.0,6.102,6.0,0.9500000000000001,0.0,13.172,10.0,10.632,11.0,3.0,31.0,30.0,17.0,3.0,14.0,10.0,15.0,5.0,10.0,6.0,3.0,40.015,35.0,73.0,3.346,4.0,2.868,4.0,9.125,8.0,0.95,0.0,23.94,29.0,16.425,12.0,16.0
2025021290,2026-04-13,2025,regular,WPG,VGK,AWAY,23.373,3.0709999999999997,23.0,9.0,42.0,32.0,1.417,4.0,1.0,5.446,4.0,0.755,0.0,12.114,7.0,9.193,15.0,2.0,31.0,24.0,16.0,3.0,9.0,6.0,12.0,8.0,18.0,14.0,7.0,38.656,38.0,67.0,4.415,6.0,3.043,7.0,9.932,10.0,0.755,0.0,20.752,17.0,13.475,13.0,14.0
2025021272,2026-04-11,2025,regular,WPG,PHI,HOME,31.633,2.714,28.0,16.0,63.0,44.0,2.208,4.0,1.0,7.8709999999999996,7.0,1.054,0.0,17.274,19.0,12.877,13.0,1.0,24.0,33.0,20.0,6.0,23.0,7.0,13.0,2.0,4.0,6.0,3.0,27.418,23.0,50.0,2.29,7.0,1.71,2.0,6.7780000000000005,3.0,1.0550000000000002,0.0,13.847,10.0,10.494,14.0,14.0
2025021253,2026-04-09,2025,regular,WPG,STL,AWAY,32.204,2.686,34.0,10.0,56.0,44.0,2.145,4.0,1.0,8.466,6.0,1.172,0.0,16.536,17.0,12.991,14.0,3.0,28.0,15.0,14.0,2.0,10.0,7.0,13.0,4.0,8.0,2.0,1.0,22.983,22.0,47.0,2.607,2.0,1.845,5.0,5.382,2.0,1.172,0.0,12.969,11.0,8.416,13.0,14.0
2025021230,2026-04-06,2025,regular,WPG,SEA,HOME,37.677,3.765,31.0,22.0,64.0,53.0,2.533,4.0,1.0,8.93,11.0,1.272,0.0,21.548000000000002,22.0,14.952,10.0,6.0,35.0,25.0,27.0,3.0,13.0,7.0,11.0,0.0,0.0,6.0,3.0,31.736,24.0,57.0,2.51,2.0,2.416,4.0,7.813,4.0,1.273,0.0,18.635,18.0,13.48,17.0,11.0
2025021215,2026-04-04,2025,regular,WPG,CBJ,AWAY,26.561,1.999,26.0,13.0,60.0,39.0,1.867,3.0,0.0,6.812,7.0,0.986,0.0,15.789,13.0,11.549,14.0,2.0,9.0,24.0,28.0,3.0,17.0,8.0,12.0,1.0,2.0,2.0,1.0,25.287,16.0,50.0,2.656,1.0,1.698,3.0,6.713,3.0,0.985,0.0,14.282,13.0,9.665,16.0,14.0
2025021198,2026-04-02,2025,regular,WPG,DAL,AWAY,26.282,4.83,22.0,14.0,52.0,36.0,1.6320000000000001,3.0,0.0,5.849,2.0,0.889,0.0,14.452,17.0,8.347,14.0,0.0,22.0,18.0,14.0,3.0,11.0,4.0,5.0,3.0,9.0,11.0,4.0,23.928,21.0,42.0,2.167,3.0,1.571,3.0,5.371,5.0,0.711,0.0,14.109,13.0,10.906,11.0,7.0
2025021186,2026-03-31,2025,regular,WPG,CHI,AWAY,28.795,2.86,24.0,14.0,49.0,38.0,1.936,3.0,1.0,7.594,6.0,0.917,0.0,13.99,15.0,10.704,10.0,4.0,32.0,16.0,27.0,5.0,12.0,5.0,12.0,2.0,4.0,2.0,1.0,22.581,21.0,43.0,2.116,3.0,1.727,1.0,5.415,4.0,0.916,0.0,12.646,15.0,8.31,8.0,12.0
2025021162,2026-03-28,2025,regular,WPG,COL,AWAY,22.937,2.898,21.0,11.0,48.0,32.0,1.484,3.0,0.0,5.975,3.0,0.852,1.0,11.77,11.0,9.019,10.0,4.0,29.0,29.0,32.0,7.0,13.0,7.0,18.0,4.0,8.0,6.0,3.0,23.754,23.0,56.0,1.513,2.0,1.51,0.0,5.912,7.0,0.853,1.0,13.788,15.0,10.475,10.0,22.0
2025021145,2026-03-26,2025,regular,WPG,COL,HOME,27.701,2.375,24.0,16.0,47.0,40.0,1.952,5.0,0.0,7.009,9.0,0.965,0.0,16.465,10.0,11.231,14.0,2.0,28.0,28.0,25.0,3.0,14.0,8.0,22.0,5.0,13.0,13.0,5.0,36.032,35.0,72.0,4.76,3.0,2.978,8.0,8.448,5.0,0.967,0.0,17.987,21.0,12.615,11.0,24.0
2025021131,2026-03-24,2025,regular,WPG,VGK,HOME,26.096,4.2,21.0,15.0,51.0,36.0,1.852,2.0,0.0,6.298,6.0,0.853,0.0,13.072,14.0,9.728,10.0,4.0,27.0,25.0,22.0,6.0,9.0,3.0,9.0,5.0,13.0,13.0,5.0,34.993,27.0,61.0,1.938,1.0,2.682,5.0,8.9,10.0,0.855,0.0,20.142,14.0,13.992,19.0,12.0
2025021110,2026-03-22,2025,regular,WPG,NYR,AWAY,39.859,3.2039999999999997,37.0,17.0,67.0,54.0,2.6510000000000002,2.0,0.0,10.941,15.0,1.305,0.0,21.266000000000002,24.0,14.632,11.0,2.0,30.0,34.0,19.0,3.0,11.0,4.0,9.0,3.0,6.0,8.0,4.0,34.828,29.0,58.0,2.907,2.0,2.359,3.0,8.274,8.0,1.305,0.0,19.456,14.0,13.823,21.0,10.0
2025021099,2026-03-21,2025,regular,WPG,PIT,AWAY,32.199,2.869,25.0,20.0,60.0,45.0,2.13,2.0,1.0,7.686,8.0,1.054,0.0,17.617,18.0,13.643,13.0,4.0,33.0,23.0,15.0,4.0,15.0,4.0,12.0,2.0,4.0,0.0,0.0,35.203,32.0,59.0,3.356,4.0,2.587,4.0,8.06,5.0,1.054,0.0,18.274,16.0,13.606,18.0,12.0
2025021071,2026-03-17,2025,regular,WPG,NSH,HOME,42.119,5.379,39.0,18.0,76.0,57.0,3.351,11.0,1.0,10.294,9.0,1.511,1.0,22.055,18.0,14.407,15.0,3.0,31.0,25.0,16.0,3.0,11.0,3.0,13.0,1.0,2.0,8.0,4.0,26.571,23.0,51.0,2.261,3.0,1.59,1.0,6.348,6.0,1.352,1.0,14.622,13.0,11.277,14.0,14.0
2025021057,2026-03-15,2025,regular,WPG,STL,HOME,22.624,2.985,16.0,15.0,37.0,31.0,1.565,1.0,0.0,5.029,2.0,0.704,0.0,12.238,10.0,8.478,15.0,3.0,31.0,16.0,26.0,4.0,15.0,7.0,15.0,1.0,2.0,6.0,3.0,32.258,31.0,60.0,3.073,2.0,2.056,2.0,7.397,5.0,0.679,0.0,17.533,17.0,12.863,18.0,16.0
2025021045,2026-03-14,2025,regular,WPG,COL,HOME,21.19,3.073,19.0,11.0,37.0,30.0,1.157,0.0,0.0,4.897,7.0,0.697,0.0,11.18,12.0,8.999,8.0,3.0,23.0,31.0,20.0,8.0,16.0,9.0,24.0,2.0,4.0,2.0,1.0,37.815,29.0,79.0,4.555,1.0,2.716,7.0,9.003,8.0,0.695,0.0,20.651,25.0,13.803,11.0,27.0
2025021036,2026-03-12,2025,regular,WPG,NYR,HOME,31.718,2.586,26.0,17.0,62.0,43.0,2.173,3.0,1.0,7.035,6.0,0.97,0.0,17.081,17.0,13.15,14.0,3.0,30.0,23.0,23.0,1.0,18.0,10.0,15.0,2.0,4.0,2.0,1.0,21.912,16.0,47.0,1.805,5.0,1.436,2.0,5.708,4.0,0.942,0.0,13.181,4.0,9.082,17.0,15.0
2026020017,2026-10-02,2026,regular,NYR,DET,AWAY,21.957,3.055,21.0,10.0,43.0,31.0,2.223,0.0,0.0,3.258,4.0,0.084,0.0,11.068999999999999,17.0,11.313,8.0,2.0,30.0,36.0,26.0,5.0,11.0,7.0,13.0,4.0,11.0,15.0,6.0,21.243,22.0,45.0,1.706,0.0,2.244,2.0,3.533,8.0,0.084,0.0,10.787,10.0,10.668,9.0,16.0
2026020010,2026-10-01,2026,regular,NYR,TBL,HOME,26.835,3.233,24.0,11.0,51.0,35.0,2.574,4.0,1.0,4.1739999999999995,5.0,0.149,0.0,12.508,12.0,12.363,10.0,4.0,35.0,22.0,22.0,4.0,16.0,8.0,23.0,8.0,16.0,6.0,3.0,28.659,25.0,64.0,2.642,1.0,3.854,7.0,4.896,7.0,0.176,0.0,14.217,16.0,14.29,9.0,24.0
2025021302,2026-04-15,2025,regular,NYR,TBL,AWAY,25.363,2.716,21.0,14.0,48.0,35.0,1.702,1.0,0.0,5.695,4.0,0.843,0.0,13.596,14.0,10.449,12.0,4.0,29.0,26.0,23.0,4.0,12.0,5.0,16.0,5.0,10.0,8.0,4.0,37.487,31.0,66.0,4.054,2.0,2.865,4.0,9.417,9.0,0.844,0.0,19.891,20.0,12.565,15.0,16.0
2025021283,2026-04-13,2025,regular,NYR,FLA,AWAY,32.309,2.876,27.0,17.0,57.0,44.0,2.285,6.0,1.0,7.888,6.0,1.156,0.0,17.341,12.0,12.449,18.0,2.0,27.0,15.0,28.0,3.0,12.0,1.0,14.0,2.0,4.0,4.0,2.0,22.038,16.0,47.0,2.04,3.0,1.379,5.0,5.97,2.0,1.135,0.0,11.522,8.0,9.293,13.0,16.0
2025021268,2026-04-11,2025,regular,NYR,DAL,AWAY,26.224999999999998,2.327,22.0,16.0,57.0,38.0,1.713,3.0,0.0,6.775,8.0,0.982,0.0,15.151,9.0,11.056,18.0,0.0,25.0,21.0,22.0,6.0,13.0,1.0,9.0,5.0,15.0,15.0,6.0,21.009,18.0,40.0,1.776,1.0,1.46,3.0,4.542,4.0,0.959,0.0,11.304,10.0,9.184,11.0,11.0
2025021244,2026-04-08,2025,regular,NYR,BUF,HOME,21.751,2.035,20.0,9.0,53.0,29.0,1.501,1.0,0.0,5.471,4.0,0.691,0.0,11.174,12.0,8.13,9.0,3.0,29.0,23.0,26.0,4.0,12.0,2.0,11.0,4.0,8.0,6.0,3.0,29.312,26.0,51.0,2.403,4.0,2.466,5.0,7.534,4.0,0.617,0.0,16.176,17.0,10.393,10.0,11.0
2025021227,2026-04-05,2025,regular,NYR,WSH,HOME,34.476,3.7479999999999998,33.0,14.0,69.0,47.0,2.6310000000000002,6.0,2.0,8.371,4.0,1.168,0.0,18.59,14.0,12.486,15.0,8.0,39.0,21.0,23.0,5.0,16.0,9.0,13.0,6.0,21.0,17.0,4.0,23.113,21.0,46.0,1.579,1.0,1.631,1.0,5.561,5.0,1.171,0.0,13.111,11.0,9.323,14.0,14.0
2025021207,2026-04-04,2025,regular,NYR,DET,HOME,21.221,3.184,20.0,11.0,47.0,31.0,1.565,0.0,0.0,4.682,4.0,0.754,0.0,12.591,9.0,8.225999999999999,14.0,4.0,34.0,22.0,23.0,4.0,12.0,5.0,17.0,5.0,13.0,7.0,2.0,39.708,33.0,75.0,2.466,1.0,3.08,4.0,9.952,9.0,0.755,0.0,24.356,19.0,15.592,24.0,18.0
2025021195,2026-04-02,2025,regular,NYR,MTL,HOME,31.584,3.183,24.0,19.0,56.0,43.0,2.463,4.0,0.0,7.521,3.0,1.063,0.0,17.937,16.0,10.837,18.0,2.0,22.0,30.0,27.0,5.0,18.0,11.0,5.0,2.0,4.0,4.0,1.0,25.386,25.0,41.0,2.091,3.0,1.738,1.0,6.338,5.0,0.98,0.0,13.445,15.0,10.546,11.0,6.0
2025021182,2026-03-31,2025,regular,NYR,NJD,HOME,32.781,3.595,23.0,24.0,59.0,47.0,2.463,3.0,1.0,7.686,4.0,1.167,0.0,18.938,13.0,13.148,23.0,4.0,26.0,28.0,33.0,4.0,13.0,5.0,17.0,3.0,6.0,4.0,2.0,34.437,23.0,66.0,3.587,1.0,2.389,4.0,8.733,6.0,1.168,0.0,17.696,22.0,13.351,14.0,19.0
2025021167,2026-03-29,2025,regular,NYR,FLA,HOME,24.744,2.867,22.0,13.0,46.0,35.0,1.662,4.0,0.0,6.422,5.0,0.877,0.0,13.695,9.0,9.475,14.0,3.0,32.0,20.0,24.0,6.0,15.0,6.0,21.0,4.0,11.0,7.0,2.0,34.897,27.0,71.0,2.465,1.0,2.447,6.0,8.819,4.0,0.879,0.0,18.474,17.0,13.657,19.0,24.0
2025021151,2026-03-27,2025,regular,NYR,CHI,HOME,42.284,5.2299999999999995,38.0,21.0,68.0,59.0,3.199,8.0,1.0,10.269,8.0,1.573,0.0,23.459,20.0,15.274000000000001,17.0,6.0,39.0,26.0,22.0,6.0,14.0,5.0,9.0,5.0,13.0,13.0,5.0,28.163,28.0,49.0,1.618,1.0,2.131,2.0,6.538,9.0,1.573,0.0,16.062,15.0,11.682,12.0,10.0
2025021136,2026-03-25,2025,regular,NYR,TOR,AWAY,42.778999999999996,4.795,43.0,16.0,78.0,59.0,2.8160000000000003,4.0,0.0,10.45,7.0,1.3940000000000001,0.0,23.702,26.0,15.841000000000001,19.0,3.0,25.0,20.0,25.0,3.0,14.0,7.0,12.0,2.0,4.0,8.0,4.0,20.804,18.0,40.0,2.023,4.0,1.335,2.0,5.156,2.0,1.297,0.0,10.037,9.0,7.767,10.0,13.0
2025021119,2026-03-23,2025,regular,NYR,OTT,HOME,17.448,1.373,10.0,15.0,37.0,25.0,1.232,1.0,0.0,4.261,5.0,0.607,0.0,10.719,11.0,6.806,7.0,1.0,26.0,16.0,39.0,4.0,17.0,9.0,8.0,6.0,16.0,6.0,3.0,31.112,33.0,50.0,2.729,2.0,2.15,3.0,7.474,4.0,0.561,0.0,16.461,17.0,12.141,16.0,8.0
2025021110,2026-03-22,2025,regular,NYR,WPG,HOME,34.829,2.907,29.0,19.0,58.0,48.0,2.358,3.0,0.0,8.273,8.0,1.18,0.0,19.456,14.0,13.823,21.0,2.0,34.0,30.0,31.0,5.0,19.0,12.0,12.0,4.0,8.0,6.0,3.0,39.858,37.0,67.0,3.204,2.0,2.65,2.0,10.942,15.0,1.18,0.0,21.267,24.0,14.632,11.0,13.0
2025021086,2026-03-19,2025,regular,NYR,CBJ,AWAY,24.914,2.554,25.0,11.0,46.0,36.0,1.793,3.0,0.0,6.17,7.0,0.952,0.0,13.963,10.0,10.567,13.0,3.0,30.0,25.0,21.0,5.0,18.0,6.0,12.0,4.0,8.0,10.0,5.0,34.592,36.0,60.0,4.225,5.0,2.387,6.0,7.951,6.0,0.953,0.0,17.846,17.0,13.346,13.0,13.0
2025021077,2026-03-18,2025,regular,NYR,NJD,HOME,20.531,1.6689999999999998,18.0,12.0,43.0,30.0,1.395,3.0,0.0,5.206,4.0,0.743,0.0,12.759,11.0,8.23,9.0,3.0,31.0,32.0,25.0,5.0,23.0,10.0,8.0,4.0,8.0,4.0,2.0,42.463,39.0,65.0,4.136,6.0,3.015,8.0,10.723,7.0,0.743,0.0,21.492,22.0,16.169,14.0,8.0
2025021065,2026-03-16,2025,regular,NYR,LAK,HOME,26.646,1.831,22.0,16.0,51.0,38.0,1.846,1.0,0.0,7.125,4.0,0.891,0.0,15.768,16.0,10.543,16.0,1.0,23.0,22.0,20.0,4.0,19.0,4.0,12.0,2.0,4.0,4.0,2.0,28.268,25.0,52.0,3.179,3.0,2.148,6.0,6.488,2.0,0.89,0.0,15.176,15.0,10.077,12.0,14.0
2025021046,2026-03-14,2025,regular,NYR,MIN,AWAY,19.983,3.3890000000000002,18.0,10.0,39.0,28.0,1.319,1.0,0.0,3.8529999999999998,2.0,0.653,0.0,10.568,3.0,8.219,18.0,4.0,28.0,30.0,13.0,2.0,15.0,8.0,21.0,8.0,18.0,8.0,4.0,46.558,48.0,85.0,5.677,2.0,3.758,14.0,12.359,7.0,0.653,0.0,23.283,19.0,14.924,20.0,23.0
